JobID,Title,CurriculumRoleID,CurriculumRoleTitle,CurriculumRoleEN,Company,Province,Salary,ExperienceLevel,YearsOfExperience,Skills,Responsibilities,Keywords,ApplyURL
TH-TQF-8.1-001,IT Support Officer (เจ้าหน้าที่สนับสนุนระบบคอมพิวเตอร์),8.1,เจ้าหน้าที่คอมพิวเตอร์,Computer Officer / IT Support,SCB TechX,กรุงเทพมหานคร,ตามโครงสร้างองค์กร / ตามประสบการณ์,Entry-Level / เด็กจบใหม่ (0-1 ปี),0-1,windows; linux; hardware; troubleshooting; basic networking; active directory; ms office; helpdesk; backup,ติดตั้ง ดูแล บำรุงรักษาอุปกรณ์คอมพิวเตอร์และอุปกรณ์ต่อพ่วง; แก้ไขปัญหาฮาร์ดแวร์ ซอฟต์แวร์ และการเชื่อมต่อเครือข่าย; ให้คำแนะนำและช่วยเหลือผู้ใช้งาน (Helpdesk Support); ดูแลระบบสำรองข้อมูลและจัดการสิทธิ์ผู้ใช้งาน,windows; linux; hardware; troubleshooting; basic networking; active directory; ms office; helpdesk,https://jobs.blognone.com
TH-TQF-8.1-002,Desktop Support Specialist (เจ้าหน้าที่บริการเทคนิคและบำรุงรักษา),8.1,เจ้าหน้าที่คอมพิวเตอร์,Computer Officer / IT Support,Bitkub Online,นนทบุรี,ตามโครงสร้างองค์กร / ตามประสบการณ์,Entry-Level / เด็กจบใหม่ (0-1 ปี),0-1,hardware; troubleshooting; windows 11; lan; tcp/ip; remote support; ticketing system; printer support; antivirus,รับเรื่องแจ้งซ่อมและแก้ไขปัญหาผ่านระบบ Ticket; ดูแลความพร้อมใช้งานของเครื่องคอมพิวเตอร์และอุปกรณ์สำนักงาน; ประสานงานกับทีมเครือข่ายและทีมพัฒนาระบบ; จัดทำคู่มือและบันทึกการแก้ไขปัญหาประจำวัน,hardware; troubleshooting; windows 11; lan; tcp/ip; remote support; ticketing system; printer support,https://jobs.blognone.com
TH-TQF-8.1-003,IT Service Desk Coordinator (เจ้าหน้าที่บริการสารสนเทศส่วนกลาง),8.1,เจ้าหน้าที่คอมพิวเตอร์,Computer Officer / IT Support,G-Able Public Company Limited,เชียงใหม่,ตามโครงสร้างองค์กร / ตามประสบการณ์,Entry-Level / เด็กจบใหม่ (0-2 ปี),0-2,helpdesk; customer service; troubleshooting; active directory; office 365; google workspace; incident management; linux,ให้บริการ Support ผู้ใช้งานทั้งแบบ On-site และ Remote; จัดการบัญชีผู้ใช้งาน สิทธิ์การเข้าถึงอีเมล และระบบคลาวด์องค์กร; ตรวจสอบและประสานงานแก้ไขปัญหาเร่งด่วน; จัดทำรายงานสถิติการให้บริการไอทีประจำเดือน,helpdesk; customer service; troubleshooting; active directory; office 365; google workspace; incident management; linux,https://jobs.blognone.com
TH-TQF-8.1-004,Computer Systems Assistant (ผู้ช่วยดูแลระบบคอมพิวเตอร์และอุปกรณ์),8.1,เจ้าหน้าที่คอมพิวเตอร์,Computer Officer / IT Support,Internet Thailand (INET),ภูเก็ต,ตามโครงสร้างองค์กร / ตามประสบการณ์,Entry-Level / เด็กจบใหม่ (0-1 ปี),0-1,windows; hardware; basic networking; ghost/clone; troubleshooting; ms office; inventory management,เตรียมเครื่องคอมพิวเตอร์และลงโปรแกรมมาตรฐานสำหรับพนักงานใหม่; จัดทำทะเบียนประวัติและตรวจนับทรัพย์สินอุปกรณ์ไอที; ดูแลห้องประชุมและระบบ Video Conference; ตรวจสอบความปลอดภัยทางกายภาพของอุปกรณ์,windows; hardware; basic networking; ghost/clone; troubleshooting; ms office; inventory management,https://jobs.blognone.com
TH-TQF-8.1-005,IT Operations & Infrastructure Support,8.1,เจ้าหน้าที่คอมพิวเตอร์,Computer Officer / IT Support,Wisesight (Thailand),กรุงเทพมหานคร,ตามโครงสร้างองค์กร / ตามประสบการณ์,Mid-Level / มีประสบการณ์ (1-3 ปี),1-3,windows server; linux; active directory; backup; cctv; access control; troubleshooting; hardware; helpdesk,ดูแลระบบปฏิบัติการ Windows/Linux และระบบสำรองข้อมูลองค์กร; ตรวจสอบการทำงานของระบบ Access Control และกล้องวงจรปิด; ประสานงานกับ Vendor ในการซ่อมบำรุงอุปกรณ์; ปรับปรุงคู่มือการทำงานด้านปฏิบัติการไอที,windows server; linux; active directory; backup; cctv; access control; troubleshooting; hardware,https://jobs.blognone.com
TH-TQF-8.1-006,Technical Customer Support (ฝ่ายเทคนิคและบริการลูกค้าไอที),8.1,เจ้าหน้าที่คอมพิวเตอร์,Computer Officer / IT Support,AIS (Advanced Info Service),ปทุมธานี,ตามโครงสร้างองค์กร / ตามประสบการณ์,Entry-Level / เด็กจบใหม่ (0-1 ปี),0-1,troubleshooting; communication; web basics; sql basics; helpdesk; problem solving; customer service,รับเรื่องและวิเคราะห์ปัญหาการใช้งานระบบจากลูกค้า; ให้คำแนะนำวิธีการแก้ปัญหาเบื้องต้นผ่านโทรศัพท์และแชต; บันทึกข้อมูลข้อผิดพลาดเพื่อส่งต่อให้ทีมพัฒนาซอฟต์แวร์; ติดตามผลการแก้ปัญหาจนลูกค้าพึงพอใจ,troubleshooting; communication; web basics; sql basics; helpdesk; problem solving; customer service,https://jobs.blognone.com
TH-TQF-8.1-007,IT Support Officer (เจ้าหน้าที่สนับสนุนระบบคอมพิวเตอร์),8.1,เจ้าหน้าที่คอมพิวเตอร์,Computer Officer / IT Support,Siam Commercial Bank,ขอนแก่น,ตามโครงสร้างองค์กร / ตามประสบการณ์,Entry-Level / เด็กจบใหม่ (0-1 ปี),0-1,windows; linux; hardware; troubleshooting; basic networking; active directory; ms office; helpdesk; backup,ติดตั้ง ดูแล บำรุงรักษาอุปกรณ์คอมพิวเตอร์และอุปกรณ์ต่อพ่วง; แก้ไขปัญหาฮาร์ดแวร์ ซอฟต์แวร์ และการเชื่อมต่อเครือข่าย; ให้คำแนะนำและช่วยเหลือผู้ใช้งาน (Helpdesk Support); ดูแลระบบสำรองข้อมูลและจัดการสิทธิ์ผู้ใช้งาน,windows; linux; hardware; troubleshooting; basic networking; active directory; ms office; helpdesk,https://jobs.blognone.com
TH-TQF-8.1-008,Desktop Support Specialist (เจ้าหน้าที่บริการเทคนิคและบำรุงรักษา),8.1,เจ้าหน้าที่คอมพิวเตอร์,Computer Officer / IT Support,CJ Express Group (Technology Center),Remote (ทำงานจากที่บ้านทั่วไทย),ตามโครงสร้างองค์กร / ตามประสบการณ์,Entry-Level / เด็กจบใหม่ (0-1 ปี),0-1,hardware; troubleshooting; windows 11; lan; tcp/ip; remote support; ticketing system; printer support; antivirus,รับเรื่องแจ้งซ่อมและแก้ไขปัญหาผ่านระบบ Ticket; ดูแลความพร้อมใช้งานของเครื่องคอมพิวเตอร์และอุปกรณ์สำนักงาน; ประสานงานกับทีมเครือข่ายและทีมพัฒนาระบบ; จัดทำคู่มือและบันทึกการแก้ไขปัญหาประจำวัน,hardware; troubleshooting; windows 11; lan; tcp/ip; remote support; ticketing system; printer support,https://jobs.blognone.com
TH-TQF-8.1-009,IT Service Desk Coordinator (เจ้าหน้าที่บริการสารสนเทศส่วนกลาง),8.1,เจ้าหน้าที่คอมพิวเตอร์,Computer Officer / IT Support,SCB TechX,กรุงเทพมหานคร,ตามโครงสร้างองค์กร / ตามประสบการณ์,Entry-Level / เด็กจบใหม่ (0-2 ปี),0-2,helpdesk; customer service; troubleshooting; active directory; office 365; google workspace; incident management; hardware,ให้บริการ Support ผู้ใช้งานทั้งแบบ On-site และ Remote; จัดการบัญชีผู้ใช้งาน สิทธิ์การเข้าถึงอีเมล และระบบคลาวด์องค์กร; ตรวจสอบและประสานงานแก้ไขปัญหาเร่งด่วน; จัดทำรายงานสถิติการให้บริการไอทีประจำเดือน,helpdesk; customer service; troubleshooting; active directory; office 365; google workspace; incident management; hardware,https://jobs.blognone.com
TH-TQF-8.1-010,Computer Systems Assistant (ผู้ช่วยดูแลระบบคอมพิวเตอร์และอุปกรณ์),8.1,เจ้าหน้าที่คอมพิวเตอร์,Computer Officer / IT Support,Bitkub Online,สมุทรปราการ,ตามโครงสร้างองค์กร / ตามประสบการณ์,Entry-Level / เด็กจบใหม่ (0-1 ปี),0-1,windows; hardware; basic networking; ghost/clone; troubleshooting; ms office; inventory management,เตรียมเครื่องคอมพิวเตอร์และลงโปรแกรมมาตรฐานสำหรับพนักงานใหม่; จัดทำทะเบียนประวัติและตรวจนับทรัพย์สินอุปกรณ์ไอที; ดูแลห้องประชุมและระบบ Video Conference; ตรวจสอบความปลอดภัยทางกายภาพของอุปกรณ์,windows; hardware; basic networking; ghost/clone; troubleshooting; ms office; inventory management,https://jobs.blognone.com
TH-TQF-8.1-011,IT Operations & Infrastructure Support,8.1,เจ้าหน้าที่คอมพิวเตอร์,Computer Officer / IT Support,G-Able Public Company Limited,ชลบุรี (EEC),ตามโครงสร้างองค์กร / ตามประสบการณ์,Mid-Level / มีประสบการณ์ (1-3 ปี),1-3,windows server; linux; active directory; backup; cctv; access control; troubleshooting; hardware; ms office,ดูแลระบบปฏิบัติการ Windows/Linux และระบบสำรองข้อมูลองค์กร; ตรวจสอบการทำงานของระบบ Access Control และกล้องวงจรปิด; ประสานงานกับ Vendor ในการซ่อมบำรุงอุปกรณ์; ปรับปรุงคู่มือการทำงานด้านปฏิบัติการไอที,windows server; linux; active directory; backup; cctv; access control; troubleshooting; hardware,https://jobs.blognone.com
TH-TQF-8.1-012,Technical Customer Support (ฝ่ายเทคนิคและบริการลูกค้าไอที),8.1,เจ้าหน้าที่คอมพิวเตอร์,Computer Officer / IT Support,Internet Thailand (INET),กรุงเทพมหานคร,ตามโครงสร้างองค์กร / ตามประสบการณ์,Entry-Level / เด็กจบใหม่ (0-1 ปี),0-1,troubleshooting; communication; web basics; sql basics; helpdesk; problem solving; customer service,รับเรื่องและวิเคราะห์ปัญหาการใช้งานระบบจากลูกค้า; ให้คำแนะนำวิธีการแก้ปัญหาเบื้องต้นผ่านโทรศัพท์และแชต; บันทึกข้อมูลข้อผิดพลาดเพื่อส่งต่อให้ทีมพัฒนาซอฟต์แวร์; ติดตามผลการแก้ปัญหาจนลูกค้าพึงพอใจ,troubleshooting; communication; web basics; sql basics; helpdesk; problem solving; customer service,https://jobs.blognone.com
TH-TQF-8.1-013,IT Support Officer (เจ้าหน้าที่สนับสนุนระบบคอมพิวเตอร์),8.1,เจ้าหน้าที่คอมพิวเตอร์,Computer Officer / IT Support,Wisesight (Thailand),นนทบุรี,ตามโครงสร้างองค์กร / ตามประสบการณ์,Entry-Level / เด็กจบใหม่ (0-1 ปี),0-1,windows; linux; hardware; troubleshooting; basic networking; active directory; ms office; helpdesk; backup,ติดตั้ง ดูแล บำรุงรักษาอุปกรณ์คอมพิวเตอร์และอุปกรณ์ต่อพ่วง; แก้ไขปัญหาฮาร์ดแวร์ ซอฟต์แวร์ และการเชื่อมต่อเครือข่าย; ให้คำแนะนำและช่วยเหลือผู้ใช้งาน (Helpdesk Support); ดูแลระบบสำรองข้อมูลและจัดการสิทธิ์ผู้ใช้งาน,windows; linux; hardware; troubleshooting; basic networking; active directory; ms office; helpdesk,https://jobs.blognone.com
TH-TQF-8.1-014,Desktop Support Specialist (เจ้าหน้าที่บริการเทคนิคและบำรุงรักษา),8.1,เจ้าหน้าที่คอมพิวเตอร์,Computer Officer / IT Support,AIS (Advanced Info Service),เชียงใหม่,ตามโครงสร้างองค์กร / ตามประสบการณ์,Entry-Level / เด็กจบใหม่ (0-1 ปี),0-1,hardware; troubleshooting; windows 11; lan; tcp/ip; remote support; ticketing system; printer support; antivirus,รับเรื่องแจ้งซ่อมและแก้ไขปัญหาผ่านระบบ Ticket; ดูแลความพร้อมใช้งานของเครื่องคอมพิวเตอร์และอุปกรณ์สำนักงาน; ประสานงานกับทีมเครือข่ายและทีมพัฒนาระบบ; จัดทำคู่มือและบันทึกการแก้ไขปัญหาประจำวัน,hardware; troubleshooting; windows 11; lan; tcp/ip; remote support; ticketing system; printer support,https://jobs.blognone.com
TH-TQF-8.1-015,IT Service Desk Coordinator (เจ้าหน้าที่บริการสารสนเทศส่วนกลาง),8.1,เจ้าหน้าที่คอมพิวเตอร์,Computer Officer / IT Support,Siam Commercial Bank,ภูเก็ต,ตามโครงสร้างองค์กร / ตามประสบการณ์,Entry-Level / เด็กจบใหม่ (0-2 ปี),0-2,helpdesk; customer service; troubleshooting; active directory; office 365; google workspace; incident management; basic networking,ให้บริการ Support ผู้ใช้งานทั้งแบบ On-site และ Remote; จัดการบัญชีผู้ใช้งาน สิทธิ์การเข้าถึงอีเมล และระบบคลาวด์องค์กร; ตรวจสอบและประสานงานแก้ไขปัญหาเร่งด่วน; จัดทำรายงานสถิติการให้บริการไอทีประจำเดือน,helpdesk; customer service; troubleshooting; active directory; office 365; google workspace; incident management; basic networking,https://jobs.blognone.com
TH-TQF-8.1-016,Computer Systems Assistant (ผู้ช่วยดูแลระบบคอมพิวเตอร์และอุปกรณ์),8.1,เจ้าหน้าที่คอมพิวเตอร์,Computer Officer / IT Support,CJ Express Group (Technology Center),กรุงเทพมหานคร,ตามโครงสร้างองค์กร / ตามประสบการณ์,Entry-Level / เด็กจบใหม่ (0-1 ปี),0-1,windows; hardware; basic networking; ghost/clone; troubleshooting; ms office; inventory management,เตรียมเครื่องคอมพิวเตอร์และลงโปรแกรมมาตรฐานสำหรับพนักงานใหม่; จัดทำทะเบียนประวัติและตรวจนับทรัพย์สินอุปกรณ์ไอที; ดูแลห้องประชุมและระบบ Video Conference; ตรวจสอบความปลอดภัยทางกายภาพของอุปกรณ์,windows; hardware; basic networking; ghost/clone; troubleshooting; ms office; inventory management,https://jobs.blognone.com
TH-TQF-8.1-017,IT Operations & Infrastructure Support,8.1,เจ้าหน้าที่คอมพิวเตอร์,Computer Officer / IT Support,SCB TechX,ปทุมธานี,ตามโครงสร้างองค์กร / ตามประสบการณ์,Mid-Level / มีประสบการณ์ (1-3 ปี),1-3,windows server; linux; active directory; backup; cctv; access control; troubleshooting; hardware; basic networking,ดูแลระบบปฏิบัติการ Windows/Linux และระบบสำรองข้อมูลองค์กร; ตรวจสอบการทำงานของระบบ Access Control และกล้องวงจรปิด; ประสานงานกับ Vendor ในการซ่อมบำรุงอุปกรณ์; ปรับปรุงคู่มือการทำงานด้านปฏิบัติการไอที,windows server; linux; active directory; backup; cctv; access control; troubleshooting; hardware,https://jobs.blognone.com
TH-TQF-8.1-018,Technical Customer Support (ฝ่ายเทคนิคและบริการลูกค้าไอที),8.1,เจ้าหน้าที่คอมพิวเตอร์,Computer Officer / IT Support,Bitkub Online,ขอนแก่น,ตามโครงสร้างองค์กร / ตามประสบการณ์,Entry-Level / เด็กจบใหม่ (0-1 ปี),0-1,troubleshooting; communication; web basics; sql basics; helpdesk; problem solving; customer service,รับเรื่องและวิเคราะห์ปัญหาการใช้งานระบบจากลูกค้า; ให้คำแนะนำวิธีการแก้ปัญหาเบื้องต้นผ่านโทรศัพท์และแชต; บันทึกข้อมูลข้อผิดพลาดเพื่อส่งต่อให้ทีมพัฒนาซอฟต์แวร์; ติดตามผลการแก้ปัญหาจนลูกค้าพึงพอใจ,troubleshooting; communication; web basics; sql basics; helpdesk; problem solving; customer service,https://jobs.blognone.com
TH-TQF-8.1-019,IT Support Officer (เจ้าหน้าที่สนับสนุนระบบคอมพิวเตอร์),8.1,เจ้าหน้าที่คอมพิวเตอร์,Computer Officer / IT Support,G-Able Public Company Limited,Remote (ทำงานจากที่บ้านทั่วไทย),ตามโครงสร้างองค์กร / ตามประสบการณ์,Entry-Level / เด็กจบใหม่ (0-1 ปี),0-1,windows; linux; hardware; troubleshooting; basic networking; active directory; ms office; helpdesk; backup,ติดตั้ง ดูแล บำรุงรักษาอุปกรณ์คอมพิวเตอร์และอุปกรณ์ต่อพ่วง; แก้ไขปัญหาฮาร์ดแวร์ ซอฟต์แวร์ และการเชื่อมต่อเครือข่าย; ให้คำแนะนำและช่วยเหลือผู้ใช้งาน (Helpdesk Support); ดูแลระบบสำรองข้อมูลและจัดการสิทธิ์ผู้ใช้งาน,windows; linux; hardware; troubleshooting; basic networking; active directory; ms office; helpdesk,https://jobs.blognone.com
TH-TQF-8.1-020,Desktop Support Specialist (เจ้าหน้าที่บริการเทคนิคและบำรุงรักษา),8.1,เจ้าหน้าที่คอมพิวเตอร์,Computer Officer / IT Support,Internet Thailand (INET),กรุงเทพมหานคร,ตามโครงสร้างองค์กร / ตามประสบการณ์,Entry-Level / เด็กจบใหม่ (0-1 ปี),0-1,hardware; troubleshooting; windows 11; lan; tcp/ip; remote support; ticketing system; printer support; antivirus,รับเรื่องแจ้งซ่อมและแก้ไขปัญหาผ่านระบบ Ticket; ดูแลความพร้อมใช้งานของเครื่องคอมพิวเตอร์และอุปกรณ์สำนักงาน; ประสานงานกับทีมเครือข่ายและทีมพัฒนาระบบ; จัดทำคู่มือและบันทึกการแก้ไขปัญหาประจำวัน,hardware; troubleshooting; windows 11; lan; tcp/ip; remote support; ticketing system; printer support,https://jobs.blognone.com
TH-TQF-8.1-021,IT Service Desk Coordinator (เจ้าหน้าที่บริการสารสนเทศส่วนกลาง),8.1,เจ้าหน้าที่คอมพิวเตอร์,Computer Officer / IT Support,Wisesight (Thailand),สมุทรปราการ,ตามโครงสร้างองค์กร / ตามประสบการณ์,Entry-Level / เด็กจบใหม่ (0-2 ปี),0-2,helpdesk; customer service; troubleshooting; active directory; office 365; google workspace; incident management; hardware,ให้บริการ Support ผู้ใช้งานทั้งแบบ On-site และ Remote; จัดการบัญชีผู้ใช้งาน สิทธิ์การเข้าถึงอีเมล และระบบคลาวด์องค์กร; ตรวจสอบและประสานงานแก้ไขปัญหาเร่งด่วน; จัดทำรายงานสถิติการให้บริการไอทีประจำเดือน,helpdesk; customer service; troubleshooting; active directory; office 365; google workspace; incident management; hardware,https://jobs.blognone.com
TH-TQF-8.1-022,Computer Systems Assistant (ผู้ช่วยดูแลระบบคอมพิวเตอร์และอุปกรณ์),8.1,เจ้าหน้าที่คอมพิวเตอร์,Computer Officer / IT Support,AIS (Advanced Info Service),ชลบุรี (EEC),ตามโครงสร้างองค์กร / ตามประสบการณ์,Entry-Level / เด็กจบใหม่ (0-1 ปี),0-1,windows; hardware; basic networking; ghost/clone; troubleshooting; ms office; inventory management,เตรียมเครื่องคอมพิวเตอร์และลงโปรแกรมมาตรฐานสำหรับพนักงานใหม่; จัดทำทะเบียนประวัติและตรวจนับทรัพย์สินอุปกรณ์ไอที; ดูแลห้องประชุมและระบบ Video Conference; ตรวจสอบความปลอดภัยทางกายภาพของอุปกรณ์,windows; hardware; basic networking; ghost/clone; troubleshooting; ms office; inventory management,https://jobs.blognone.com
TH-TQF-8.1-023,IT Operations & Infrastructure Support,8.1,เจ้าหน้าที่คอมพิวเตอร์,Computer Officer / IT Support,Siam Commercial Bank,กรุงเทพมหานคร,ตามโครงสร้างองค์กร / ตามประสบการณ์,Mid-Level / มีประสบการณ์ (1-3 ปี),1-3,windows server; linux; active directory; backup; cctv; access control; troubleshooting; hardware; basic networking,ดูแลระบบปฏิบัติการ Windows/Linux และระบบสำรองข้อมูลองค์กร; ตรวจสอบการทำงานของระบบ Access Control และกล้องวงจรปิด; ประสานงานกับ Vendor ในการซ่อมบำรุงอุปกรณ์; ปรับปรุงคู่มือการทำงานด้านปฏิบัติการไอที,windows server; linux; active directory; backup; cctv; access control; troubleshooting; hardware,https://jobs.blognone.com
TH-TQF-8.1-024,Technical Customer Support (ฝ่ายเทคนิคและบริการลูกค้าไอที),8.1,เจ้าหน้าที่คอมพิวเตอร์,Computer Officer / IT Support,CJ Express Group (Technology Center),นนทบุรี,ตามโครงสร้างองค์กร / ตามประสบการณ์,Entry-Level / เด็กจบใหม่ (0-1 ปี),0-1,troubleshooting; communication; web basics; sql basics; helpdesk; problem solving; customer service,รับเรื่องและวิเคราะห์ปัญหาการใช้งานระบบจากลูกค้า; ให้คำแนะนำวิธีการแก้ปัญหาเบื้องต้นผ่านโทรศัพท์และแชต; บันทึกข้อมูลข้อผิดพลาดเพื่อส่งต่อให้ทีมพัฒนาซอฟต์แวร์; ติดตามผลการแก้ปัญหาจนลูกค้าพึงพอใจ,troubleshooting; communication; web basics; sql basics; helpdesk; problem solving; customer service,https://jobs.blognone.com
TH-TQF-8.1-025,IT Support Officer (เจ้าหน้าที่สนับสนุนระบบคอมพิวเตอร์),8.1,เจ้าหน้าที่คอมพิวเตอร์,Computer Officer / IT Support,SCB TechX,เชียงใหม่,ตามโครงสร้างองค์กร / ตามประสบการณ์,Entry-Level / เด็กจบใหม่ (0-1 ปี),0-1,windows; linux; hardware; troubleshooting; basic networking; active directory; ms office; helpdesk; backup,ติดตั้ง ดูแล บำรุงรักษาอุปกรณ์คอมพิวเตอร์และอุปกรณ์ต่อพ่วง; แก้ไขปัญหาฮาร์ดแวร์ ซอฟต์แวร์ และการเชื่อมต่อเครือข่าย; ให้คำแนะนำและช่วยเหลือผู้ใช้งาน (Helpdesk Support); ดูแลระบบสำรองข้อมูลและจัดการสิทธิ์ผู้ใช้งาน,windows; linux; hardware; troubleshooting; basic networking; active directory; ms office; helpdesk,https://jobs.blognone.com
TH-TQF-8.1-026,Desktop Support Specialist (เจ้าหน้าที่บริการเทคนิคและบำรุงรักษา),8.1,เจ้าหน้าที่คอมพิวเตอร์,Computer Officer / IT Support,Bitkub Online,ภูเก็ต,ตามโครงสร้างองค์กร / ตามประสบการณ์,Entry-Level / เด็กจบใหม่ (0-1 ปี),0-1,hardware; troubleshooting; windows 11; lan; tcp/ip; remote support; ticketing system; printer support; antivirus,รับเรื่องแจ้งซ่อมและแก้ไขปัญหาผ่านระบบ Ticket; ดูแลความพร้อมใช้งานของเครื่องคอมพิวเตอร์และอุปกรณ์สำนักงาน; ประสานงานกับทีมเครือข่ายและทีมพัฒนาระบบ; จัดทำคู่มือและบันทึกการแก้ไขปัญหาประจำวัน,hardware; troubleshooting; windows 11; lan; tcp/ip; remote support; ticketing system; printer support,https://jobs.blognone.com
TH-TQF-8.1-027,IT Service Desk Coordinator (เจ้าหน้าที่บริการสารสนเทศส่วนกลาง),8.1,เจ้าหน้าที่คอมพิวเตอร์,Computer Officer / IT Support,G-Able Public Company Limited,กรุงเทพมหานคร,ตามโครงสร้างองค์กร / ตามประสบการณ์,Entry-Level / เด็กจบใหม่ (0-2 ปี),0-2,helpdesk; customer service; troubleshooting; active directory; office 365; google workspace; incident management; ms office,ให้บริการ Support ผู้ใช้งานทั้งแบบ On-site และ Remote; จัดการบัญชีผู้ใช้งาน สิทธิ์การเข้าถึงอีเมล และระบบคลาวด์องค์กร; ตรวจสอบและประสานงานแก้ไขปัญหาเร่งด่วน; จัดทำรายงานสถิติการให้บริการไอทีประจำเดือน,helpdesk; customer service; troubleshooting; active directory; office 365; google workspace; incident management; ms office,https://jobs.blognone.com
TH-TQF-8.1-028,Computer Systems Assistant (ผู้ช่วยดูแลระบบคอมพิวเตอร์และอุปกรณ์),8.1,เจ้าหน้าที่คอมพิวเตอร์,Computer Officer / IT Support,Internet Thailand (INET),ปทุมธานี,ตามโครงสร้างองค์กร / ตามประสบการณ์,Entry-Level / เด็กจบใหม่ (0-1 ปี),0-1,windows; hardware; basic networking; ghost/clone; troubleshooting; ms office; inventory management,เตรียมเครื่องคอมพิวเตอร์และลงโปรแกรมมาตรฐานสำหรับพนักงานใหม่; จัดทำทะเบียนประวัติและตรวจนับทรัพย์สินอุปกรณ์ไอที; ดูแลห้องประชุมและระบบ Video Conference; ตรวจสอบความปลอดภัยทางกายภาพของอุปกรณ์,windows; hardware; basic networking; ghost/clone; troubleshooting; ms office; inventory management,https://jobs.blognone.com
TH-TQF-8.1-029,IT Operations & Infrastructure Support,8.1,เจ้าหน้าที่คอมพิวเตอร์,Computer Officer / IT Support,Wisesight (Thailand),ขอนแก่น,ตามโครงสร้างองค์กร / ตามประสบการณ์,Mid-Level / มีประสบการณ์ (1-3 ปี),1-3,windows server; linux; active directory; backup; cctv; access control; troubleshooting; hardware; helpdesk,ดูแลระบบปฏิบัติการ Windows/Linux และระบบสำรองข้อมูลองค์กร; ตรวจสอบการทำงานของระบบ Access Control และกล้องวงจรปิด; ประสานงานกับ Vendor ในการซ่อมบำรุงอุปกรณ์; ปรับปรุงคู่มือการทำงานด้านปฏิบัติการไอที,windows server; linux; active directory; backup; cctv; access control; troubleshooting; hardware,https://jobs.blognone.com
TH-TQF-8.1-030,Technical Customer Support (ฝ่ายเทคนิคและบริการลูกค้าไอที),8.1,เจ้าหน้าที่คอมพิวเตอร์,Computer Officer / IT Support,AIS (Advanced Info Service),Remote (ทำงานจากที่บ้านทั่วไทย),ตามโครงสร้างองค์กร / ตามประสบการณ์,Entry-Level / เด็กจบใหม่ (0-1 ปี),0-1,troubleshooting; communication; web basics; sql basics; helpdesk; problem solving; customer service,รับเรื่องและวิเคราะห์ปัญหาการใช้งานระบบจากลูกค้า; ให้คำแนะนำวิธีการแก้ปัญหาเบื้องต้นผ่านโทรศัพท์และแชต; บันทึกข้อมูลข้อผิดพลาดเพื่อส่งต่อให้ทีมพัฒนาซอฟต์แวร์; ติดตามผลการแก้ปัญหาจนลูกค้าพึงพอใจ,troubleshooting; communication; web basics; sql basics; helpdesk; problem solving; customer service,https://jobs.blognone.com
TH-TQF-8.2-001,Network Engineer (วิศวกรและผู้ดูแลระบบเครือข่ายคอมพิวเตอร์),8.2,ผู้ดูแลระบบเครือข่ายคอมพิวเตอร์,Network Administrator / Engineer,บริษัท ซอฟต์แวร์เฮาส์ชั้นนำในไทย,ชลบุรี (EEC),ตามโครงสร้างองค์กร / ตามประสบการณ์,Entry-Level / เด็กจบใหม่ (0-2 ปี),0-2,cisco; tcp/ip; routing; switching; firewall; vpn; vlan; subnetting; dns; dhcp; network monitoring; linux server,"ออกแบบ ติดตั้ง และตั้งค่าอุปกรณ์เครือข่าย Router, Switch, Firewall; ดูแลความปลอดภัยของเครือข่ายและระบบเชื่อมต่อ VPN องค์กร; ตรวจสอบการทำงานของทราฟฟิกและแก้ไขปัญหาสัญญาณขัดข้อง; ดูแลระบบ DNS, DHCP และการเชื่อมต่ออินเทอร์เน็ต",cisco; tcp/ip; routing; switching; firewall; vpn; vlan; subnetting,https://jobs.blognone.com
TH-TQF-8.2-002,System & Network Administrator (ผู้ดูแลระบบเครือข่ายและเซิร์ฟเวอร์),8.2,ผู้ดูแลระบบเครือข่ายคอมพิวเตอร์,Network Administrator / Engineer,True Digital Group,กรุงเทพมหานคร,ตามโครงสร้างองค์กร / ตามประสบการณ์,Mid-Level / มีประสบการณ์ (1-3 ปี),1-3,linux; windows server; virtualization; vmware; docker; cisco; network security; backup; monitoring; bash,บริหารจัดการเครื่องแม่ข่าย Linux และ Windows Server; ติดตั้งและดูแลระบบ Virtualization (VMware/KVM); เฝ้าระวังประสิทธิภาพและความปลอดภัยของเครือข่ายตลอด 24 ชม.; วางแผนสำรองข้อมูลและแผนกู้คืนระบบกรณีฉุกเฉิน (DRP),linux; windows server; virtualization; vmware; docker; cisco; network security; backup,https://jobs.blognone.com
TH-TQF-8.2-003,NOC Engineer (วิศวกรศูนย์ควบคุมและเฝ้าระวังระบบเครือข่าย),8.2,ผู้ดูแลระบบเครือข่ายคอมพิวเตอร์,Network Administrator / Engineer,PTT Digital Solutions,นนทบุรี,ตามโครงสร้างองค์กร / ตามประสบการณ์,Entry-Level / เด็กจบใหม่ (0-2 ปี),0-2,network monitoring; tcp/ip; cisco; zabbix; prtg; wireshark; incident response; troubleshooting; vpn,เฝ้าระวังสถานะการทำงานของระบบเครือข่ายและเซิร์ฟเวอร์แบบ Real-time; วิเคราะห์และแก้ไขเหตุขัดข้องของเครือข่ายเบื้องต้น; ประสานงานกับทีมวิศวกรภาคสนามในการกู้คืนสัญญาณ; จัดทำ Incident Report และบันทึกประวัติการขัดข้อง,network monitoring; tcp/ip; cisco; zabbix; prtg; wireshark; incident response; troubleshooting,https://jobs.blognone.com
TH-TQF-8.2-004,Network Security Administrator (ผู้ดูแลความมั่นคงปลอดภัยระบบเครือข่าย),8.2,ผู้ดูแลระบบเครือข่ายคอมพิวเตอร์,Network Administrator / Engineer,PromptNow Company Limited,เชียงใหม่,ตามโครงสร้างองค์กร / ตามประสบการณ์,Mid-Level / มีประสบการณ์ (1-3 ปี),1-3,firewall; fortinet; palo alto; vpn; network security; tcp/ip; ids/ips; siem; routing,"กำหนดนโยบายความปลอดภัยและตั้งค่า Firewall, IPS, VPN Gateway; ตรวจจับและวิเคราะห์พฤติกรรมผิดปกติบนระบบเครือข่าย; ปรับปรุง Firmware และ Patch ความปลอดภัยของอุปกรณ์เครือข่าย; ร่วมตรวจสอบและประเมินช่องโหว่ความปลอดภัยประจำปี",firewall; fortinet; palo alto; vpn; network security; tcp/ip; ids/ips; siem,https://jobs.blognone.com
TH-TQF-8.2-005,Cloud Infrastructure & DevOps Engineer,8.2,ผู้ดูแลระบบเครือข่ายคอมพิวเตอร์,Network Administrator / Engineer,ReadyPlanet Public Company Limited,ภูเก็ต,ตามโครงสร้างองค์กร / ตามประสบการณ์,Entry-Level / เด็กจบใหม่ (0-2 ปี),0-2,aws; azure; docker; kubernetes; linux; ci/cd; terraform; git; bash; networking; switching,"ออกแบบและติดตั้งโครงสร้างพื้นฐานบน Cloud (AWS/Azure); ดูแลระบบ Containerization (Docker, Kubernetes); จัดทำและดูแลระบบอัตโนมัติ CI/CD Pipeline; ปรับปรุงความพร้อมใช้งานและลดค่าใช้จ่ายระบบคลาวด์",aws; azure; docker; kubernetes; linux; ci/cd; terraform; git,https://jobs.blognone.com
TH-TQF-8.2-006,Junior System Engineer (วิศวกรระบบและโครงสร้างพื้นฐาน),8.2,ผู้ดูแลระบบเครือข่ายคอมพิวเตอร์,Network Administrator / Engineer,Agoda Services (Bangkok),กรุงเทพมหานคร,ตามโครงสร้างองค์กร / ตามประสบการณ์,Entry-Level / เด็กจบใหม่ (0-1 ปี),0-1,linux server; windows server; active directory; dns; dhcp; bash; powershell; virtualization,"ติดตั้งและตั้งค่าระบบปฏิบัติการเซิร์ฟเวอร์ตามมาตรฐาน; ดูแลระบบ Active Directory, DNS และ File Sharing; เขียนสคริปต์อัตโนมัติด้วย Bash/PowerShell เพื่อช่วยงานประจำ; ตรวจสอบสถานะการทำงานและพื้นที่จัดเก็บข้อมูล",linux server; windows server; active directory; dns; dhcp; bash; powershell; virtualization,https://jobs.blognone.com
TH-TQF-8.2-007,Network Engineer (วิศวกรและผู้ดูแลระบบเครือข่ายคอมพิวเตอร์),8.2,ผู้ดูแลระบบเครือข่ายคอมพิวเตอร์,Network Administrator / Engineer,Bangkok Bank (IT Division),ปทุมธานี,ตามโครงสร้างองค์กร / ตามประสบการณ์,Entry-Level / เด็กจบใหม่ (0-2 ปี),0-2,cisco; tcp/ip; routing; switching; firewall; vpn; vlan; subnetting; dns; dhcp; network monitoring; linux server,"ออกแบบ ติดตั้ง และตั้งค่าอุปกรณ์เครือข่าย Router, Switch, Firewall; ดูแลความปลอดภัยของเครือข่ายและระบบเชื่อมต่อ VPN องค์กร; ตรวจสอบการทำงานของทราฟฟิกและแก้ไขปัญหาสัญญาณขัดข้อง; ดูแลระบบ DNS, DHCP และการเชื่อมต่ออินเทอร์เน็ต",cisco; tcp/ip; routing; switching; firewall; vpn; vlan; subnetting,https://jobs.blognone.com
TH-TQF-8.2-008,System & Network Administrator (ผู้ดูแลระบบเครือข่ายและเซิร์ฟเวอร์),8.2,ผู้ดูแลระบบเครือข่ายคอมพิวเตอร์,Network Administrator / Engineer,CP All (IT Division),ขอนแก่น,ตามโครงสร้างองค์กร / ตามประสบการณ์,Mid-Level / มีประสบการณ์ (1-3 ปี),1-3,linux; windows server; virtualization; vmware; docker; cisco; network security; backup; monitoring; bash,บริหารจัดการเครื่องแม่ข่าย Linux และ Windows Server; ติดตั้งและดูแลระบบ Virtualization (VMware/KVM); เฝ้าระวังประสิทธิภาพและความปลอดภัยของเครือข่ายตลอด 24 ชม.; วางแผนสำรองข้อมูลและแผนกู้คืนระบบกรณีฉุกเฉิน (DRP),linux; windows server; virtualization; vmware; docker; cisco; network security; backup,https://jobs.blognone.com
TH-TQF-8.2-009,NOC Engineer (วิศวกรศูนย์ควบคุมและเฝ้าระวังระบบเครือข่าย),8.2,ผู้ดูแลระบบเครือข่ายคอมพิวเตอร์,Network Administrator / Engineer,บริษัท ซอฟต์แวร์เฮาส์ชั้นนำในไทย,Remote (ทำงานจากที่บ้านทั่วไทย),ตามโครงสร้างองค์กร / ตามประสบการณ์,Entry-Level / เด็กจบใหม่ (0-2 ปี),0-2,network monitoring; tcp/ip; cisco; zabbix; prtg; wireshark; incident response; troubleshooting; network security,เฝ้าระวังสถานะการทำงานของระบบเครือข่ายและเซิร์ฟเวอร์แบบ Real-time; วิเคราะห์และแก้ไขเหตุขัดข้องของเครือข่ายเบื้องต้น; ประสานงานกับทีมวิศวกรภาคสนามในการกู้คืนสัญญาณ; จัดทำ Incident Report และบันทึกประวัติการขัดข้อง,network monitoring; tcp/ip; cisco; zabbix; prtg; wireshark; incident response; troubleshooting,https://jobs.blognone.com
TH-TQF-8.2-010,Network Security Administrator (ผู้ดูแลความมั่นคงปลอดภัยระบบเครือข่าย),8.2,ผู้ดูแลระบบเครือข่ายคอมพิวเตอร์,Network Administrator / Engineer,True Digital Group,กรุงเทพมหานคร,ตามโครงสร้างองค์กร / ตามประสบการณ์,Mid-Level / มีประสบการณ์ (1-3 ปี),1-3,firewall; fortinet; palo alto; vpn; network security; tcp/ip; ids/ips; siem; routing,"กำหนดนโยบายความปลอดภัยและตั้งค่า Firewall, IPS, VPN Gateway; ตรวจจับและวิเคราะห์พฤติกรรมผิดปกติบนระบบเครือข่าย; ปรับปรุง Firmware และ Patch ความปลอดภัยของอุปกรณ์เครือข่าย; ร่วมตรวจสอบและประเมินช่องโหว่ความปลอดภัยประจำปี",firewall; fortinet; palo alto; vpn; network security; tcp/ip; ids/ips; siem,https://jobs.blognone.com
TH-TQF-8.2-011,Cloud Infrastructure & DevOps Engineer,8.2,ผู้ดูแลระบบเครือข่ายคอมพิวเตอร์,Network Administrator / Engineer,PTT Digital Solutions,สมุทรปราการ,ตามโครงสร้างองค์กร / ตามประสบการณ์,Entry-Level / เด็กจบใหม่ (0-2 ปี),0-2,aws; azure; docker; kubernetes; linux; ci/cd; terraform; git; bash; networking; network security,"ออกแบบและติดตั้งโครงสร้างพื้นฐานบน Cloud (AWS/Azure); ดูแลระบบ Containerization (Docker, Kubernetes); จัดทำและดูแลระบบอัตโนมัติ CI/CD Pipeline; ปรับปรุงความพร้อมใช้งานและลดค่าใช้จ่ายระบบคลาวด์",aws; azure; docker; kubernetes; linux; ci/cd; terraform; git,https://jobs.blognone.com
TH-TQF-8.2-012,Junior System Engineer (วิศวกรระบบและโครงสร้างพื้นฐาน),8.2,ผู้ดูแลระบบเครือข่ายคอมพิวเตอร์,Network Administrator / Engineer,PromptNow Company Limited,ชลบุรี (EEC),ตามโครงสร้างองค์กร / ตามประสบการณ์,Entry-Level / เด็กจบใหม่ (0-1 ปี),0-1,linux server; windows server; active directory; dns; dhcp; bash; powershell; virtualization,"ติดตั้งและตั้งค่าระบบปฏิบัติการเซิร์ฟเวอร์ตามมาตรฐาน; ดูแลระบบ Active Directory, DNS และ File Sharing; เขียนสคริปต์อัตโนมัติด้วย Bash/PowerShell เพื่อช่วยงานประจำ; ตรวจสอบสถานะการทำงานและพื้นที่จัดเก็บข้อมูล",linux server; windows server; active directory; dns; dhcp; bash; powershell; virtualization,https://jobs.blognone.com
TH-TQF-8.2-013,Network Engineer (วิศวกรและผู้ดูแลระบบเครือข่ายคอมพิวเตอร์),8.2,ผู้ดูแลระบบเครือข่ายคอมพิวเตอร์,Network Administrator / Engineer,ReadyPlanet Public Company Limited,กรุงเทพมหานคร,ตามโครงสร้างองค์กร / ตามประสบการณ์,Entry-Level / เด็กจบใหม่ (0-2 ปี),0-2,cisco; tcp/ip; routing; switching; firewall; vpn; vlan; subnetting; dns; dhcp; network monitoring; network security,"ออกแบบ ติดตั้ง และตั้งค่าอุปกรณ์เครือข่าย Router, Switch, Firewall; ดูแลความปลอดภัยของเครือข่ายและระบบเชื่อมต่อ VPN องค์กร; ตรวจสอบการทำงานของทราฟฟิกและแก้ไขปัญหาสัญญาณขัดข้อง; ดูแลระบบ DNS, DHCP และการเชื่อมต่ออินเทอร์เน็ต",cisco; tcp/ip; routing; switching; firewall; vpn; vlan; subnetting,https://jobs.blognone.com
TH-TQF-8.2-014,System & Network Administrator (ผู้ดูแลระบบเครือข่ายและเซิร์ฟเวอร์),8.2,ผู้ดูแลระบบเครือข่ายคอมพิวเตอร์,Network Administrator / Engineer,Agoda Services (Bangkok),นนทบุรี,ตามโครงสร้างองค์กร / ตามประสบการณ์,Mid-Level / มีประสบการณ์ (1-3 ปี),1-3,linux; windows server; virtualization; vmware; docker; cisco; network security; backup; monitoring; bash,บริหารจัดการเครื่องแม่ข่าย Linux และ Windows Server; ติดตั้งและดูแลระบบ Virtualization (VMware/KVM); เฝ้าระวังประสิทธิภาพและความปลอดภัยของเครือข่ายตลอด 24 ชม.; วางแผนสำรองข้อมูลและแผนกู้คืนระบบกรณีฉุกเฉิน (DRP),linux; windows server; virtualization; vmware; docker; cisco; network security; backup,https://jobs.blognone.com
TH-TQF-8.2-015,NOC Engineer (วิศวกรศูนย์ควบคุมและเฝ้าระวังระบบเครือข่าย),8.2,ผู้ดูแลระบบเครือข่ายคอมพิวเตอร์,Network Administrator / Engineer,Bangkok Bank (IT Division),เชียงใหม่,ตามโครงสร้างองค์กร / ตามประสบการณ์,Entry-Level / เด็กจบใหม่ (0-2 ปี),0-2,network monitoring; tcp/ip; cisco; zabbix; prtg; wireshark; incident response; troubleshooting; dhcp,เฝ้าระวังสถานะการทำงานของระบบเครือข่ายและเซิร์ฟเวอร์แบบ Real-time; วิเคราะห์และแก้ไขเหตุขัดข้องของเครือข่ายเบื้องต้น; ประสานงานกับทีมวิศวกรภาคสนามในการกู้คืนสัญญาณ; จัดทำ Incident Report และบันทึกประวัติการขัดข้อง,network monitoring; tcp/ip; cisco; zabbix; prtg; wireshark; incident response; troubleshooting,https://jobs.blognone.com
TH-TQF-8.2-016,Network Security Administrator (ผู้ดูแลความมั่นคงปลอดภัยระบบเครือข่าย),8.2,ผู้ดูแลระบบเครือข่ายคอมพิวเตอร์,Network Administrator / Engineer,CP All (IT Division),ภูเก็ต,ตามโครงสร้างองค์กร / ตามประสบการณ์,Mid-Level / มีประสบการณ์ (1-3 ปี),1-3,firewall; fortinet; palo alto; vpn; network security; tcp/ip; ids/ips; siem; routing,"กำหนดนโยบายความปลอดภัยและตั้งค่า Firewall, IPS, VPN Gateway; ตรวจจับและวิเคราะห์พฤติกรรมผิดปกติบนระบบเครือข่าย; ปรับปรุง Firmware และ Patch ความปลอดภัยของอุปกรณ์เครือข่าย; ร่วมตรวจสอบและประเมินช่องโหว่ความปลอดภัยประจำปี",firewall; fortinet; palo alto; vpn; network security; tcp/ip; ids/ips; siem,https://jobs.blognone.com
TH-TQF-8.2-017,Cloud Infrastructure & DevOps Engineer,8.2,ผู้ดูแลระบบเครือข่ายคอมพิวเตอร์,Network Administrator / Engineer,บริษัท ซอฟต์แวร์เฮาส์ชั้นนำในไทย,กรุงเทพมหานคร,ตามโครงสร้างองค์กร / ตามประสบการณ์,Entry-Level / เด็กจบใหม่ (0-2 ปี),0-2,aws; azure; docker; kubernetes; linux; ci/cd; terraform; git; bash; networking; routing,"ออกแบบและติดตั้งโครงสร้างพื้นฐานบน Cloud (AWS/Azure); ดูแลระบบ Containerization (Docker, Kubernetes); จัดทำและดูแลระบบอัตโนมัติ CI/CD Pipeline; ปรับปรุงความพร้อมใช้งานและลดค่าใช้จ่ายระบบคลาวด์",aws; azure; docker; kubernetes; linux; ci/cd; terraform; git,https://jobs.blognone.com
TH-TQF-8.2-018,Junior System Engineer (วิศวกรระบบและโครงสร้างพื้นฐาน),8.2,ผู้ดูแลระบบเครือข่ายคอมพิวเตอร์,Network Administrator / Engineer,True Digital Group,ปทุมธานี,ตามโครงสร้างองค์กร / ตามประสบการณ์,Entry-Level / เด็กจบใหม่ (0-1 ปี),0-1,linux server; windows server; active directory; dns; dhcp; bash; powershell; virtualization,"ติดตั้งและตั้งค่าระบบปฏิบัติการเซิร์ฟเวอร์ตามมาตรฐาน; ดูแลระบบ Active Directory, DNS และ File Sharing; เขียนสคริปต์อัตโนมัติด้วย Bash/PowerShell เพื่อช่วยงานประจำ; ตรวจสอบสถานะการทำงานและพื้นที่จัดเก็บข้อมูล",linux server; windows server; active directory; dns; dhcp; bash; powershell; virtualization,https://jobs.blognone.com
TH-TQF-8.2-019,Network Engineer (วิศวกรและผู้ดูแลระบบเครือข่ายคอมพิวเตอร์),8.2,ผู้ดูแลระบบเครือข่ายคอมพิวเตอร์,Network Administrator / Engineer,PTT Digital Solutions,ขอนแก่น,ตามโครงสร้างองค์กร / ตามประสบการณ์,Entry-Level / เด็กจบใหม่ (0-2 ปี),0-2,cisco; tcp/ip; routing; switching; firewall; vpn; vlan; subnetting; dns; dhcp; network monitoring; network security,"ออกแบบ ติดตั้ง และตั้งค่าอุปกรณ์เครือข่าย Router, Switch, Firewall; ดูแลความปลอดภัยของเครือข่ายและระบบเชื่อมต่อ VPN องค์กร; ตรวจสอบการทำงานของทราฟฟิกและแก้ไขปัญหาสัญญาณขัดข้อง; ดูแลระบบ DNS, DHCP และการเชื่อมต่ออินเทอร์เน็ต",cisco; tcp/ip; routing; switching; firewall; vpn; vlan; subnetting,https://jobs.blognone.com
TH-TQF-8.2-020,System & Network Administrator (ผู้ดูแลระบบเครือข่ายและเซิร์ฟเวอร์),8.2,ผู้ดูแลระบบเครือข่ายคอมพิวเตอร์,Network Administrator / Engineer,PromptNow Company Limited,Remote (ทำงานจากที่บ้านทั่วไทย),ตามโครงสร้างองค์กร / ตามประสบการณ์,Mid-Level / มีประสบการณ์ (1-3 ปี),1-3,linux; windows server; virtualization; vmware; docker; cisco; network security; backup; monitoring; bash,บริหารจัดการเครื่องแม่ข่าย Linux และ Windows Server; ติดตั้งและดูแลระบบ Virtualization (VMware/KVM); เฝ้าระวังประสิทธิภาพและความปลอดภัยของเครือข่ายตลอด 24 ชม.; วางแผนสำรองข้อมูลและแผนกู้คืนระบบกรณีฉุกเฉิน (DRP),linux; windows server; virtualization; vmware; docker; cisco; network security; backup,https://jobs.blognone.com
TH-TQF-8.2-021,NOC Engineer (วิศวกรศูนย์ควบคุมและเฝ้าระวังระบบเครือข่าย),8.2,ผู้ดูแลระบบเครือข่ายคอมพิวเตอร์,Network Administrator / Engineer,ReadyPlanet Public Company Limited,กรุงเทพมหานคร,ตามโครงสร้างองค์กร / ตามประสบการณ์,Entry-Level / เด็กจบใหม่ (0-2 ปี),0-2,network monitoring; tcp/ip; cisco; zabbix; prtg; wireshark; incident response; troubleshooting; windows server,เฝ้าระวังสถานะการทำงานของระบบเครือข่ายและเซิร์ฟเวอร์แบบ Real-time; วิเคราะห์และแก้ไขเหตุขัดข้องของเครือข่ายเบื้องต้น; ประสานงานกับทีมวิศวกรภาคสนามในการกู้คืนสัญญาณ; จัดทำ Incident Report และบันทึกประวัติการขัดข้อง,network monitoring; tcp/ip; cisco; zabbix; prtg; wireshark; incident response; troubleshooting,https://jobs.blognone.com
TH-TQF-8.2-022,Network Security Administrator (ผู้ดูแลความมั่นคงปลอดภัยระบบเครือข่าย),8.2,ผู้ดูแลระบบเครือข่ายคอมพิวเตอร์,Network Administrator / Engineer,Agoda Services (Bangkok),สมุทรปราการ,ตามโครงสร้างองค์กร / ตามประสบการณ์,Mid-Level / มีประสบการณ์ (1-3 ปี),1-3,firewall; fortinet; palo alto; vpn; network security; tcp/ip; ids/ips; siem; routing,"กำหนดนโยบายความปลอดภัยและตั้งค่า Firewall, IPS, VPN Gateway; ตรวจจับและวิเคราะห์พฤติกรรมผิดปกติบนระบบเครือข่าย; ปรับปรุง Firmware และ Patch ความปลอดภัยของอุปกรณ์เครือข่าย; ร่วมตรวจสอบและประเมินช่องโหว่ความปลอดภัยประจำปี",firewall; fortinet; palo alto; vpn; network security; tcp/ip; ids/ips; siem,https://jobs.blognone.com
TH-TQF-8.2-023,Cloud Infrastructure & DevOps Engineer,8.2,ผู้ดูแลระบบเครือข่ายคอมพิวเตอร์,Network Administrator / Engineer,Bangkok Bank (IT Division),ชลบุรี (EEC),ตามโครงสร้างองค์กร / ตามประสบการณ์,Entry-Level / เด็กจบใหม่ (0-2 ปี),0-2,aws; azure; docker; kubernetes; linux; ci/cd; terraform; git; bash; networking; firewall,"ออกแบบและติดตั้งโครงสร้างพื้นฐานบน Cloud (AWS/Azure); ดูแลระบบ Containerization (Docker, Kubernetes); จัดทำและดูแลระบบอัตโนมัติ CI/CD Pipeline; ปรับปรุงความพร้อมใช้งานและลดค่าใช้จ่ายระบบคลาวด์",aws; azure; docker; kubernetes; linux; ci/cd; terraform; git,https://jobs.blognone.com
TH-TQF-8.2-024,Junior System Engineer (วิศวกรระบบและโครงสร้างพื้นฐาน),8.2,ผู้ดูแลระบบเครือข่ายคอมพิวเตอร์,Network Administrator / Engineer,CP All (IT Division),กรุงเทพมหานคร,ตามโครงสร้างองค์กร / ตามประสบการณ์,Entry-Level / เด็กจบใหม่ (0-1 ปี),0-1,linux server; windows server; active directory; dns; dhcp; bash; powershell; virtualization,"ติดตั้งและตั้งค่าระบบปฏิบัติการเซิร์ฟเวอร์ตามมาตรฐาน; ดูแลระบบ Active Directory, DNS และ File Sharing; เขียนสคริปต์อัตโนมัติด้วย Bash/PowerShell เพื่อช่วยงานประจำ; ตรวจสอบสถานะการทำงานและพื้นที่จัดเก็บข้อมูล",linux server; windows server; active directory; dns; dhcp; bash; powershell; virtualization,https://jobs.blognone.com
TH-TQF-8.2-025,Network Engineer (วิศวกรและผู้ดูแลระบบเครือข่ายคอมพิวเตอร์),8.2,ผู้ดูแลระบบเครือข่ายคอมพิวเตอร์,Network Administrator / Engineer,บริษัท ซอฟต์แวร์เฮาส์ชั้นนำในไทย,นนทบุรี,ตามโครงสร้างองค์กร / ตามประสบการณ์,Entry-Level / เด็กจบใหม่ (0-2 ปี),0-2,cisco; tcp/ip; routing; switching; firewall; vpn; vlan; subnetting; dns; dhcp; network monitoring; linux server,"ออกแบบ ติดตั้ง และตั้งค่าอุปกรณ์เครือข่าย Router, Switch, Firewall; ดูแลความปลอดภัยของเครือข่ายและระบบเชื่อมต่อ VPN องค์กร; ตรวจสอบการทำงานของทราฟฟิกและแก้ไขปัญหาสัญญาณขัดข้อง; ดูแลระบบ DNS, DHCP และการเชื่อมต่ออินเทอร์เน็ต",cisco; tcp/ip; routing; switching; firewall; vpn; vlan; subnetting,https://jobs.blognone.com
TH-TQF-8.2-026,System & Network Administrator (ผู้ดูแลระบบเครือข่ายและเซิร์ฟเวอร์),8.2,ผู้ดูแลระบบเครือข่ายคอมพิวเตอร์,Network Administrator / Engineer,True Digital Group,เชียงใหม่,ตามโครงสร้างองค์กร / ตามประสบการณ์,Mid-Level / มีประสบการณ์ (1-3 ปี),1-3,linux; windows server; virtualization; vmware; docker; cisco; network security; backup; monitoring; bash,บริหารจัดการเครื่องแม่ข่าย Linux และ Windows Server; ติดตั้งและดูแลระบบ Virtualization (VMware/KVM); เฝ้าระวังประสิทธิภาพและความปลอดภัยของเครือข่ายตลอด 24 ชม.; วางแผนสำรองข้อมูลและแผนกู้คืนระบบกรณีฉุกเฉิน (DRP),linux; windows server; virtualization; vmware; docker; cisco; network security; backup,https://jobs.blognone.com
TH-TQF-8.2-027,NOC Engineer (วิศวกรศูนย์ควบคุมและเฝ้าระวังระบบเครือข่าย),8.2,ผู้ดูแลระบบเครือข่ายคอมพิวเตอร์,Network Administrator / Engineer,PTT Digital Solutions,ภูเก็ต,ตามโครงสร้างองค์กร / ตามประสบการณ์,Entry-Level / เด็กจบใหม่ (0-2 ปี),0-2,network monitoring; tcp/ip; cisco; zabbix; prtg; wireshark; incident response; troubleshooting; linux server,เฝ้าระวังสถานะการทำงานของระบบเครือข่ายและเซิร์ฟเวอร์แบบ Real-time; วิเคราะห์และแก้ไขเหตุขัดข้องของเครือข่ายเบื้องต้น; ประสานงานกับทีมวิศวกรภาคสนามในการกู้คืนสัญญาณ; จัดทำ Incident Report และบันทึกประวัติการขัดข้อง,network monitoring; tcp/ip; cisco; zabbix; prtg; wireshark; incident response; troubleshooting,https://jobs.blognone.com
TH-TQF-8.2-028,Network Security Administrator (ผู้ดูแลความมั่นคงปลอดภัยระบบเครือข่าย),8.2,ผู้ดูแลระบบเครือข่ายคอมพิวเตอร์,Network Administrator / Engineer,PromptNow Company Limited,กรุงเทพมหานคร,ตามโครงสร้างองค์กร / ตามประสบการณ์,Mid-Level / มีประสบการณ์ (1-3 ปี),1-3,firewall; fortinet; palo alto; vpn; network security; tcp/ip; ids/ips; siem; routing,"กำหนดนโยบายความปลอดภัยและตั้งค่า Firewall, IPS, VPN Gateway; ตรวจจับและวิเคราะห์พฤติกรรมผิดปกติบนระบบเครือข่าย; ปรับปรุง Firmware และ Patch ความปลอดภัยของอุปกรณ์เครือข่าย; ร่วมตรวจสอบและประเมินช่องโหว่ความปลอดภัยประจำปี",firewall; fortinet; palo alto; vpn; network security; tcp/ip; ids/ips; siem,https://jobs.blognone.com
TH-TQF-8.2-029,Cloud Infrastructure & DevOps Engineer,8.2,ผู้ดูแลระบบเครือข่ายคอมพิวเตอร์,Network Administrator / Engineer,ReadyPlanet Public Company Limited,ปทุมธานี,ตามโครงสร้างองค์กร / ตามประสบการณ์,Entry-Level / เด็กจบใหม่ (0-2 ปี),0-2,aws; azure; docker; kubernetes; linux; ci/cd; terraform; git; bash; networking; cisco,"ออกแบบและติดตั้งโครงสร้างพื้นฐานบน Cloud (AWS/Azure); ดูแลระบบ Containerization (Docker, Kubernetes); จัดทำและดูแลระบบอัตโนมัติ CI/CD Pipeline; ปรับปรุงความพร้อมใช้งานและลดค่าใช้จ่ายระบบคลาวด์",aws; azure; docker; kubernetes; linux; ci/cd; terraform; git,https://jobs.blognone.com
TH-TQF-8.2-030,Junior System Engineer (วิศวกรระบบและโครงสร้างพื้นฐาน),8.2,ผู้ดูแลระบบเครือข่ายคอมพิวเตอร์,Network Administrator / Engineer,Agoda Services (Bangkok),ขอนแก่น,ตามโครงสร้างองค์กร / ตามประสบการณ์,Entry-Level / เด็กจบใหม่ (0-1 ปี),0-1,linux server; windows server; active directory; dns; dhcp; bash; powershell; virtualization,"ติดตั้งและตั้งค่าระบบปฏิบัติการเซิร์ฟเวอร์ตามมาตรฐาน; ดูแลระบบ Active Directory, DNS และ File Sharing; เขียนสคริปต์อัตโนมัติด้วย Bash/PowerShell เพื่อช่วยงานประจำ; ตรวจสอบสถานะการทำงานและพื้นที่จัดเก็บข้อมูล",linux server; windows server; active directory; dns; dhcp; bash; powershell; virtualization,https://jobs.blognone.com
TH-TQF-8.3-001,UI/UX Designer (นักออกแบบประสบการณ์และส่วนต่อประสานผู้ใช้),8.3,นักพัฒนาและออกแบบสื่อผสม,Multimedia Designer & Developer,CJ Express Group (Technology Center),สมุทรปราการ,ตามโครงสร้างองค์กร / ตามประสบการณ์,Entry-Level / เด็กจบใหม่ (0-2 ปี),0-2,ui/ux; figma; adobe xd; wireframing; prototyping; user research; design system; html/css; usability testing; premiere pro,ออกแบบโครงร่างหน้าจอ (Wireframe) และตัวต้นแบบ (Prototype) ด้วย Figma; ออกแบบภาพกราฟิก ไอคอน และส่วนต่อประสานสำหรับแอปพลิเคชัน; ร่วมทำ User Research และทดสอบความสะดวกในการใช้งาน (Usability Testing); จัดทำ Design System สำหรับทีมพัฒนา,ui/ux; figma; adobe xd; wireframing; prototyping; user research; design system; html/css,https://jobs.blognone.com
TH-TQF-8.3-002,Multimedia Graphic Designer (นักออกแบบสื่อกราฟิกและสื่อดิจิทัล),8.3,นักพัฒนาและออกแบบสื่อผสม,Multimedia Designer & Developer,SCB TechX,ชลบุรี (EEC),ตามโครงสร้างองค์กร / ตามประสบการณ์,Entry-Level / เด็กจบใหม่ (0-1 ปี),0-1,photoshop; illustrator; premiere pro; after effects; motion graphics; graphic design; digital marketing; ui/ux,สร้างสรรค์ภาพกราฟิก สื่อโฆษณา และแบนเนอร์สำหรับสื่อดิจิทัล; ตัดต่อวิดีโอและสร้าง Motion Graphic เพื่อโปรโมตผลิตภัณฑ์และบริการ; ออกแบบภาพประกอบและ Infographic ที่เข้าใจง่าย; ทำงานร่วมกับทีมการตลาดและทีมพัฒนาผลิตภัณฑ์,photoshop; illustrator; premiere pro; after effects; motion graphics; graphic design; digital marketing; ui/ux,https://jobs.blognone.com
TH-TQF-8.3-003,Game Developer (นักพัฒนาเกมและสื่ออินเทอร์แอคทีฟ),8.3,นักพัฒนาและออกแบบสื่อผสม,Multimedia Designer & Developer,Bitkub Online,กรุงเทพมหานคร,ตามโครงสร้างองค์กร / ตามประสบการณ์,Entry-Level / เด็กจบใหม่ (0-2 ปี),0-2,unity; c#; game development; 3d animation; blender; game physics; ui design; oop; premiere pro,พัฒนาเกมและสื่ออินเทอร์แอคทีฟด้วยเอนจิน Unity และภาษา C#; ทำงานร่วมกับทีมกราฟิกในการประกอบ Asset 2D/3D และเสียงเข้าสู่ตัวเกม; ออกแบบและเขียนสคริปต์ระบบเกมเพลย์และส่วนควบคุม (UI Gameplay); ทดสอบและปรับแต่งประสิทธิภาพของเกมให้ลื่นไหล,unity; c#; game development; 3d animation; blender; game physics; ui design; oop,https://jobs.blognone.com
TH-TQF-8.3-004,Product Designer (นักออกแบบผลิตภัณฑ์ดิจิทัลและ UI),8.3,นักพัฒนาและออกแบบสื่อผสม,Multimedia Designer & Developer,G-Able Public Company Limited,นนทบุรี,ตามโครงสร้างองค์กร / ตามประสบการณ์,Mid-Level / มีประสบการณ์ (1-3 ปี),1-3,figma; ui/ux; product design; user flow; prototyping; design system; data-driven design; agile,"ออกแบบ User Flow, Wireframe และ High-Fidelity Mockup บน Figma; วิเคราะห์ข้อมูลพฤติกรรมผู้ใช้งานเพื่อปรับปรุง UX ของผลิตภัณฑ์; ประสานงานใกล้ชิดกับทีม Product Manager และโปรแกรมเมอร์; พัฒนา Design System ให้สอดคล้องทั้ง Web และ Mobile",figma; ui/ux; product design; user flow; prototyping; design system; data-driven design; agile,https://jobs.blognone.com
TH-TQF-8.3-005,Motion Graphic & 3D Artist (นักสร้างภาพเคลื่อนไหวและสื่อสามมิติ),8.3,นักพัฒนาและออกแบบสื่อผสม,Multimedia Designer & Developer,Internet Thailand (INET),เชียงใหม่,ตามโครงสร้างองค์กร / ตามประสบการณ์,Entry-Level / เด็กจบใหม่ (0-2 ปี),0-2,after effects; premiere pro; blender; 3d animation; photoshop; illustrator; visual effects; motion design; ui/ux,ออกแบบและสร้างสรรค์ภาพเคลื่อนไหว 2D/3D และ Visual Effects; โมเดลวัตถุ 3 มิติและจัดแสงด้วยโปรแกรม Blender; ตัดต่อวิดีโอเพื่อนำเสนอผลิตภัณฑ์และฟีเจอร์ใหม่; ทำงานร่วมกับทีมครีเอทีฟเพื่อสร้างสื่อที่น่าสนใจ,after effects; premiere pro; blender; 3d animation; photoshop; illustrator; visual effects; motion design,https://jobs.blognone.com
TH-TQF-8.3-006,Frontend UI Developer (นักพัฒนาส่วนต่อประสานผู้ใช้),8.3,นักพัฒนาและออกแบบสื่อผสม,Multimedia Designer & Developer,Wisesight (Thailand),ภูเก็ต,ตามโครงสร้างองค์กร / ตามประสบการณ์,Entry-Level / เด็กจบใหม่ (0-1 ปี),0-1,html5; css3; javascript; tailwind; figma; responsive design; bootstrap; ui/ux,แปลงงานออกแบบจาก Figma เป็นโค้ด HTML/CSS/JS ที่ตอบสนองทุกหน้าจอ; พัฒนา Micro-interaction และ Animation บนหน้าเว็บให้ลื่นไหล; ดูแลความสวยงามและการแสดงผลให้ตรงตาม Design System; ร่วมมือกับทีมนักพัฒนาซอฟต์แวร์ในการต่อยอดฟีเจอร์,html5; css3; javascript; tailwind; figma; responsive design; bootstrap; ui/ux,https://jobs.blognone.com
TH-TQF-8.3-007,UI/UX Designer (นักออกแบบประสบการณ์และส่วนต่อประสานผู้ใช้),8.3,นักพัฒนาและออกแบบสื่อผสม,Multimedia Designer & Developer,AIS (Advanced Info Service),กรุงเทพมหานคร,ตามโครงสร้างองค์กร / ตามประสบการณ์,Entry-Level / เด็กจบใหม่ (0-2 ปี),0-2,ui/ux; figma; adobe xd; wireframing; prototyping; user research; design system; html/css; usability testing; premiere pro,ออกแบบโครงร่างหน้าจอ (Wireframe) และตัวต้นแบบ (Prototype) ด้วย Figma; ออกแบบภาพกราฟิก ไอคอน และส่วนต่อประสานสำหรับแอปพลิเคชัน; ร่วมทำ User Research และทดสอบความสะดวกในการใช้งาน (Usability Testing); จัดทำ Design System สำหรับทีมพัฒนา,ui/ux; figma; adobe xd; wireframing; prototyping; user research; design system; html/css,https://jobs.blognone.com
TH-TQF-8.3-008,Multimedia Graphic Designer (นักออกแบบสื่อกราฟิกและสื่อดิจิทัล),8.3,นักพัฒนาและออกแบบสื่อผสม,Multimedia Designer & Developer,Siam Commercial Bank,ปทุมธานี,ตามโครงสร้างองค์กร / ตามประสบการณ์,Entry-Level / เด็กจบใหม่ (0-1 ปี),0-1,photoshop; illustrator; premiere pro; after effects; motion graphics; graphic design; digital marketing; ui/ux,สร้างสรรค์ภาพกราฟิก สื่อโฆษณา และแบนเนอร์สำหรับสื่อดิจิทัล; ตัดต่อวิดีโอและสร้าง Motion Graphic เพื่อโปรโมตผลิตภัณฑ์และบริการ; ออกแบบภาพประกอบและ Infographic ที่เข้าใจง่าย; ทำงานร่วมกับทีมการตลาดและทีมพัฒนาผลิตภัณฑ์,photoshop; illustrator; premiere pro; after effects; motion graphics; graphic design; digital marketing; ui/ux,https://jobs.blognone.com
TH-TQF-8.3-009,Game Developer (นักพัฒนาเกมและสื่ออินเทอร์แอคทีฟ),8.3,นักพัฒนาและออกแบบสื่อผสม,Multimedia Designer & Developer,CJ Express Group (Technology Center),ขอนแก่น,ตามโครงสร้างองค์กร / ตามประสบการณ์,Entry-Level / เด็กจบใหม่ (0-2 ปี),0-2,unity; c#; game development; 3d animation; blender; game physics; ui design; oop; ui/ux,พัฒนาเกมและสื่ออินเทอร์แอคทีฟด้วยเอนจิน Unity และภาษา C#; ทำงานร่วมกับทีมกราฟิกในการประกอบ Asset 2D/3D และเสียงเข้าสู่ตัวเกม; ออกแบบและเขียนสคริปต์ระบบเกมเพลย์และส่วนควบคุม (UI Gameplay); ทดสอบและปรับแต่งประสิทธิภาพของเกมให้ลื่นไหล,unity; c#; game development; 3d animation; blender; game physics; ui design; oop,https://jobs.blognone.com
TH-TQF-8.3-010,Product Designer (นักออกแบบผลิตภัณฑ์ดิจิทัลและ UI),8.3,นักพัฒนาและออกแบบสื่อผสม,Multimedia Designer & Developer,SCB TechX,Remote (ทำงานจากที่บ้านทั่วไทย),ตามโครงสร้างองค์กร / ตามประสบการณ์,Mid-Level / มีประสบการณ์ (1-3 ปี),1-3,figma; ui/ux; product design; user flow; prototyping; design system; data-driven design; agile,"ออกแบบ User Flow, Wireframe และ High-Fidelity Mockup บน Figma; วิเคราะห์ข้อมูลพฤติกรรมผู้ใช้งานเพื่อปรับปรุง UX ของผลิตภัณฑ์; ประสานงานใกล้ชิดกับทีม Product Manager และโปรแกรมเมอร์; พัฒนา Design System ให้สอดคล้องทั้ง Web และ Mobile",figma; ui/ux; product design; user flow; prototyping; design system; data-driven design; agile,https://jobs.blognone.com
TH-TQF-8.3-011,Motion Graphic & 3D Artist (นักสร้างภาพเคลื่อนไหวและสื่อสามมิติ),8.3,นักพัฒนาและออกแบบสื่อผสม,Multimedia Designer & Developer,Bitkub Online,กรุงเทพมหานคร,ตามโครงสร้างองค์กร / ตามประสบการณ์,Entry-Level / เด็กจบใหม่ (0-2 ปี),0-2,after effects; premiere pro; blender; 3d animation; photoshop; illustrator; visual effects; motion design; adobe xd,ออกแบบและสร้างสรรค์ภาพเคลื่อนไหว 2D/3D และ Visual Effects; โมเดลวัตถุ 3 มิติและจัดแสงด้วยโปรแกรม Blender; ตัดต่อวิดีโอเพื่อนำเสนอผลิตภัณฑ์และฟีเจอร์ใหม่; ทำงานร่วมกับทีมครีเอทีฟเพื่อสร้างสื่อที่น่าสนใจ,after effects; premiere pro; blender; 3d animation; photoshop; illustrator; visual effects; motion design,https://jobs.blognone.com
TH-TQF-8.3-012,Frontend UI Developer (นักพัฒนาส่วนต่อประสานผู้ใช้),8.3,นักพัฒนาและออกแบบสื่อผสม,Multimedia Designer & Developer,G-Able Public Company Limited,สมุทรปราการ,ตามโครงสร้างองค์กร / ตามประสบการณ์,Entry-Level / เด็กจบใหม่ (0-1 ปี),0-1,html5; css3; javascript; tailwind; figma; responsive design; bootstrap; ui/ux,แปลงงานออกแบบจาก Figma เป็นโค้ด HTML/CSS/JS ที่ตอบสนองทุกหน้าจอ; พัฒนา Micro-interaction และ Animation บนหน้าเว็บให้ลื่นไหล; ดูแลความสวยงามและการแสดงผลให้ตรงตาม Design System; ร่วมมือกับทีมนักพัฒนาซอฟต์แวร์ในการต่อยอดฟีเจอร์,html5; css3; javascript; tailwind; figma; responsive design; bootstrap; ui/ux,https://jobs.blognone.com
TH-TQF-8.3-013,UI/UX Designer (นักออกแบบประสบการณ์และส่วนต่อประสานผู้ใช้),8.3,นักพัฒนาและออกแบบสื่อผสม,Multimedia Designer & Developer,Internet Thailand (INET),ชลบุรี (EEC),ตามโครงสร้างองค์กร / ตามประสบการณ์,Entry-Level / เด็กจบใหม่ (0-2 ปี),0-2,ui/ux; figma; adobe xd; wireframing; prototyping; user research; design system; html/css; usability testing; photoshop,ออกแบบโครงร่างหน้าจอ (Wireframe) และตัวต้นแบบ (Prototype) ด้วย Figma; ออกแบบภาพกราฟิก ไอคอน และส่วนต่อประสานสำหรับแอปพลิเคชัน; ร่วมทำ User Research และทดสอบความสะดวกในการใช้งาน (Usability Testing); จัดทำ Design System สำหรับทีมพัฒนา,ui/ux; figma; adobe xd; wireframing; prototyping; user research; design system; html/css,https://jobs.blognone.com
TH-TQF-8.3-014,Multimedia Graphic Designer (นักออกแบบสื่อกราฟิกและสื่อดิจิทัล),8.3,นักพัฒนาและออกแบบสื่อผสม,Multimedia Designer & Developer,Wisesight (Thailand),กรุงเทพมหานคร,ตามโครงสร้างองค์กร / ตามประสบการณ์,Entry-Level / เด็กจบใหม่ (0-1 ปี),0-1,photoshop; illustrator; premiere pro; after effects; motion graphics; graphic design; digital marketing; ui/ux,สร้างสรรค์ภาพกราฟิก สื่อโฆษณา และแบนเนอร์สำหรับสื่อดิจิทัล; ตัดต่อวิดีโอและสร้าง Motion Graphic เพื่อโปรโมตผลิตภัณฑ์และบริการ; ออกแบบภาพประกอบและ Infographic ที่เข้าใจง่าย; ทำงานร่วมกับทีมการตลาดและทีมพัฒนาผลิตภัณฑ์,photoshop; illustrator; premiere pro; after effects; motion graphics; graphic design; digital marketing; ui/ux,https://jobs.blognone.com
TH-TQF-8.3-015,Game Developer (นักพัฒนาเกมและสื่ออินเทอร์แอคทีฟ),8.3,นักพัฒนาและออกแบบสื่อผสม,Multimedia Designer & Developer,AIS (Advanced Info Service),นนทบุรี,ตามโครงสร้างองค์กร / ตามประสบการณ์,Entry-Level / เด็กจบใหม่ (0-2 ปี),0-2,unity; c#; game development; 3d animation; blender; game physics; ui design; oop; figma,พัฒนาเกมและสื่ออินเทอร์แอคทีฟด้วยเอนจิน Unity และภาษา C#; ทำงานร่วมกับทีมกราฟิกในการประกอบ Asset 2D/3D และเสียงเข้าสู่ตัวเกม; ออกแบบและเขียนสคริปต์ระบบเกมเพลย์และส่วนควบคุม (UI Gameplay); ทดสอบและปรับแต่งประสิทธิภาพของเกมให้ลื่นไหล,unity; c#; game development; 3d animation; blender; game physics; ui design; oop,https://jobs.blognone.com
TH-TQF-8.3-016,Product Designer (นักออกแบบผลิตภัณฑ์ดิจิทัลและ UI),8.3,นักพัฒนาและออกแบบสื่อผสม,Multimedia Designer & Developer,Siam Commercial Bank,เชียงใหม่,ตามโครงสร้างองค์กร / ตามประสบการณ์,Mid-Level / มีประสบการณ์ (1-3 ปี),1-3,figma; ui/ux; product design; user flow; prototyping; design system; data-driven design; agile,"ออกแบบ User Flow, Wireframe และ High-Fidelity Mockup บน Figma; วิเคราะห์ข้อมูลพฤติกรรมผู้ใช้งานเพื่อปรับปรุง UX ของผลิตภัณฑ์; ประสานงานใกล้ชิดกับทีม Product Manager และโปรแกรมเมอร์; พัฒนา Design System ให้สอดคล้องทั้ง Web และ Mobile",figma; ui/ux; product design; user flow; prototyping; design system; data-driven design; agile,https://jobs.blognone.com
TH-TQF-8.3-017,Motion Graphic & 3D Artist (นักสร้างภาพเคลื่อนไหวและสื่อสามมิติ),8.3,นักพัฒนาและออกแบบสื่อผสม,Multimedia Designer & Developer,CJ Express Group (Technology Center),ภูเก็ต,ตามโครงสร้างองค์กร / ตามประสบการณ์,Entry-Level / เด็กจบใหม่ (0-2 ปี),0-2,after effects; premiere pro; blender; 3d animation; photoshop; illustrator; visual effects; motion design; game development,ออกแบบและสร้างสรรค์ภาพเคลื่อนไหว 2D/3D และ Visual Effects; โมเดลวัตถุ 3 มิติและจัดแสงด้วยโปรแกรม Blender; ตัดต่อวิดีโอเพื่อนำเสนอผลิตภัณฑ์และฟีเจอร์ใหม่; ทำงานร่วมกับทีมครีเอทีฟเพื่อสร้างสื่อที่น่าสนใจ,after effects; premiere pro; blender; 3d animation; photoshop; illustrator; visual effects; motion design,https://jobs.blognone.com
TH-TQF-8.3-018,Frontend UI Developer (นักพัฒนาส่วนต่อประสานผู้ใช้),8.3,นักพัฒนาและออกแบบสื่อผสม,Multimedia Designer & Developer,SCB TechX,กรุงเทพมหานคร,ตามโครงสร้างองค์กร / ตามประสบการณ์,Entry-Level / เด็กจบใหม่ (0-1 ปี),0-1,html5; css3; javascript; tailwind; figma; responsive design; bootstrap; ui/ux,แปลงงานออกแบบจาก Figma เป็นโค้ด HTML/CSS/JS ที่ตอบสนองทุกหน้าจอ; พัฒนา Micro-interaction และ Animation บนหน้าเว็บให้ลื่นไหล; ดูแลความสวยงามและการแสดงผลให้ตรงตาม Design System; ร่วมมือกับทีมนักพัฒนาซอฟต์แวร์ในการต่อยอดฟีเจอร์,html5; css3; javascript; tailwind; figma; responsive design; bootstrap; ui/ux,https://jobs.blognone.com
TH-TQF-8.3-019,UI/UX Designer (นักออกแบบประสบการณ์และส่วนต่อประสานผู้ใช้),8.3,นักพัฒนาและออกแบบสื่อผสม,Multimedia Designer & Developer,Bitkub Online,ปทุมธานี,ตามโครงสร้างองค์กร / ตามประสบการณ์,Entry-Level / เด็กจบใหม่ (0-2 ปี),0-2,ui/ux; figma; adobe xd; wireframing; prototyping; user research; design system; html/css; usability testing; premiere pro,ออกแบบโครงร่างหน้าจอ (Wireframe) และตัวต้นแบบ (Prototype) ด้วย Figma; ออกแบบภาพกราฟิก ไอคอน และส่วนต่อประสานสำหรับแอปพลิเคชัน; ร่วมทำ User Research และทดสอบความสะดวกในการใช้งาน (Usability Testing); จัดทำ Design System สำหรับทีมพัฒนา,ui/ux; figma; adobe xd; wireframing; prototyping; user research; design system; html/css,https://jobs.blognone.com
TH-TQF-8.3-020,Multimedia Graphic Designer (นักออกแบบสื่อกราฟิกและสื่อดิจิทัล),8.3,นักพัฒนาและออกแบบสื่อผสม,Multimedia Designer & Developer,G-Able Public Company Limited,ขอนแก่น,ตามโครงสร้างองค์กร / ตามประสบการณ์,Entry-Level / เด็กจบใหม่ (0-1 ปี),0-1,photoshop; illustrator; premiere pro; after effects; motion graphics; graphic design; digital marketing; ui/ux,สร้างสรรค์ภาพกราฟิก สื่อโฆษณา และแบนเนอร์สำหรับสื่อดิจิทัล; ตัดต่อวิดีโอและสร้าง Motion Graphic เพื่อโปรโมตผลิตภัณฑ์และบริการ; ออกแบบภาพประกอบและ Infographic ที่เข้าใจง่าย; ทำงานร่วมกับทีมการตลาดและทีมพัฒนาผลิตภัณฑ์,photoshop; illustrator; premiere pro; after effects; motion graphics; graphic design; digital marketing; ui/ux,https://jobs.blognone.com
TH-TQF-8.3-021,Game Developer (นักพัฒนาเกมและสื่ออินเทอร์แอคทีฟ),8.3,นักพัฒนาและออกแบบสื่อผสม,Multimedia Designer & Developer,Internet Thailand (INET),Remote (ทำงานจากที่บ้านทั่วไทย),ตามโครงสร้างองค์กร / ตามประสบการณ์,Entry-Level / เด็กจบใหม่ (0-2 ปี),0-2,unity; c#; game development; 3d animation; blender; game physics; ui design; oop; adobe xd,พัฒนาเกมและสื่ออินเทอร์แอคทีฟด้วยเอนจิน Unity และภาษา C#; ทำงานร่วมกับทีมกราฟิกในการประกอบ Asset 2D/3D และเสียงเข้าสู่ตัวเกม; ออกแบบและเขียนสคริปต์ระบบเกมเพลย์และส่วนควบคุม (UI Gameplay); ทดสอบและปรับแต่งประสิทธิภาพของเกมให้ลื่นไหล,unity; c#; game development; 3d animation; blender; game physics; ui design; oop,https://jobs.blognone.com
TH-TQF-8.3-022,Product Designer (นักออกแบบผลิตภัณฑ์ดิจิทัลและ UI),8.3,นักพัฒนาและออกแบบสื่อผสม,Multimedia Designer & Developer,Wisesight (Thailand),กรุงเทพมหานคร,ตามโครงสร้างองค์กร / ตามประสบการณ์,Mid-Level / มีประสบการณ์ (1-3 ปี),1-3,figma; ui/ux; product design; user flow; prototyping; design system; data-driven design; agile,"ออกแบบ User Flow, Wireframe และ High-Fidelity Mockup บน Figma; วิเคราะห์ข้อมูลพฤติกรรมผู้ใช้งานเพื่อปรับปรุง UX ของผลิตภัณฑ์; ประสานงานใกล้ชิดกับทีม Product Manager และโปรแกรมเมอร์; พัฒนา Design System ให้สอดคล้องทั้ง Web และ Mobile",figma; ui/ux; product design; user flow; prototyping; design system; data-driven design; agile,https://jobs.blognone.com
TH-TQF-8.3-023,Motion Graphic & 3D Artist (นักสร้างภาพเคลื่อนไหวและสื่อสามมิติ),8.3,นักพัฒนาและออกแบบสื่อผสม,Multimedia Designer & Developer,AIS (Advanced Info Service),สมุทรปราการ,ตามโครงสร้างองค์กร / ตามประสบการณ์,Entry-Level / เด็กจบใหม่ (0-2 ปี),0-2,after effects; premiere pro; blender; 3d animation; photoshop; illustrator; visual effects; motion design; adobe xd,ออกแบบและสร้างสรรค์ภาพเคลื่อนไหว 2D/3D และ Visual Effects; โมเดลวัตถุ 3 มิติและจัดแสงด้วยโปรแกรม Blender; ตัดต่อวิดีโอเพื่อนำเสนอผลิตภัณฑ์และฟีเจอร์ใหม่; ทำงานร่วมกับทีมครีเอทีฟเพื่อสร้างสื่อที่น่าสนใจ,after effects; premiere pro; blender; 3d animation; photoshop; illustrator; visual effects; motion design,https://jobs.blognone.com
TH-TQF-8.3-024,Frontend UI Developer (นักพัฒนาส่วนต่อประสานผู้ใช้),8.3,นักพัฒนาและออกแบบสื่อผสม,Multimedia Designer & Developer,Siam Commercial Bank,ชลบุรี (EEC),ตามโครงสร้างองค์กร / ตามประสบการณ์,Entry-Level / เด็กจบใหม่ (0-1 ปี),0-1,html5; css3; javascript; tailwind; figma; responsive design; bootstrap; ui/ux,แปลงงานออกแบบจาก Figma เป็นโค้ด HTML/CSS/JS ที่ตอบสนองทุกหน้าจอ; พัฒนา Micro-interaction และ Animation บนหน้าเว็บให้ลื่นไหล; ดูแลความสวยงามและการแสดงผลให้ตรงตาม Design System; ร่วมมือกับทีมนักพัฒนาซอฟต์แวร์ในการต่อยอดฟีเจอร์,html5; css3; javascript; tailwind; figma; responsive design; bootstrap; ui/ux,https://jobs.blognone.com
TH-TQF-8.3-025,UI/UX Designer (นักออกแบบประสบการณ์และส่วนต่อประสานผู้ใช้),8.3,นักพัฒนาและออกแบบสื่อผสม,Multimedia Designer & Developer,CJ Express Group (Technology Center),กรุงเทพมหานคร,ตามโครงสร้างองค์กร / ตามประสบการณ์,Entry-Level / เด็กจบใหม่ (0-2 ปี),0-2,ui/ux; figma; adobe xd; wireframing; prototyping; user research; design system; html/css; usability testing; photoshop,ออกแบบโครงร่างหน้าจอ (Wireframe) และตัวต้นแบบ (Prototype) ด้วย Figma; ออกแบบภาพกราฟิก ไอคอน และส่วนต่อประสานสำหรับแอปพลิเคชัน; ร่วมทำ User Research และทดสอบความสะดวกในการใช้งาน (Usability Testing); จัดทำ Design System สำหรับทีมพัฒนา,ui/ux; figma; adobe xd; wireframing; prototyping; user research; design system; html/css,https://jobs.blognone.com
TH-TQF-8.3-026,Multimedia Graphic Designer (นักออกแบบสื่อกราฟิกและสื่อดิจิทัล),8.3,นักพัฒนาและออกแบบสื่อผสม,Multimedia Designer & Developer,SCB TechX,นนทบุรี,ตามโครงสร้างองค์กร / ตามประสบการณ์,Entry-Level / เด็กจบใหม่ (0-1 ปี),0-1,photoshop; illustrator; premiere pro; after effects; motion graphics; graphic design; digital marketing; ui/ux,สร้างสรรค์ภาพกราฟิก สื่อโฆษณา และแบนเนอร์สำหรับสื่อดิจิทัล; ตัดต่อวิดีโอและสร้าง Motion Graphic เพื่อโปรโมตผลิตภัณฑ์และบริการ; ออกแบบภาพประกอบและ Infographic ที่เข้าใจง่าย; ทำงานร่วมกับทีมการตลาดและทีมพัฒนาผลิตภัณฑ์,photoshop; illustrator; premiere pro; after effects; motion graphics; graphic design; digital marketing; ui/ux,https://jobs.blognone.com
TH-TQF-8.3-027,Game Developer (นักพัฒนาเกมและสื่ออินเทอร์แอคทีฟ),8.3,นักพัฒนาและออกแบบสื่อผสม,Multimedia Designer & Developer,Bitkub Online,เชียงใหม่,ตามโครงสร้างองค์กร / ตามประสบการณ์,Entry-Level / เด็กจบใหม่ (0-2 ปี),0-2,unity; c#; game development; 3d animation; blender; game physics; ui design; oop; premiere pro,พัฒนาเกมและสื่ออินเทอร์แอคทีฟด้วยเอนจิน Unity และภาษา C#; ทำงานร่วมกับทีมกราฟิกในการประกอบ Asset 2D/3D และเสียงเข้าสู่ตัวเกม; ออกแบบและเขียนสคริปต์ระบบเกมเพลย์และส่วนควบคุม (UI Gameplay); ทดสอบและปรับแต่งประสิทธิภาพของเกมให้ลื่นไหล,unity; c#; game development; 3d animation; blender; game physics; ui design; oop,https://jobs.blognone.com
TH-TQF-8.3-028,Product Designer (นักออกแบบผลิตภัณฑ์ดิจิทัลและ UI),8.3,นักพัฒนาและออกแบบสื่อผสม,Multimedia Designer & Developer,G-Able Public Company Limited,ภูเก็ต,ตามโครงสร้างองค์กร / ตามประสบการณ์,Mid-Level / มีประสบการณ์ (1-3 ปี),1-3,figma; ui/ux; product design; user flow; prototyping; design system; data-driven design; agile,"ออกแบบ User Flow, Wireframe และ High-Fidelity Mockup บน Figma; วิเคราะห์ข้อมูลพฤติกรรมผู้ใช้งานเพื่อปรับปรุง UX ของผลิตภัณฑ์; ประสานงานใกล้ชิดกับทีม Product Manager และโปรแกรมเมอร์; พัฒนา Design System ให้สอดคล้องทั้ง Web และ Mobile",figma; ui/ux; product design; user flow; prototyping; design system; data-driven design; agile,https://jobs.blognone.com
TH-TQF-8.3-029,Motion Graphic & 3D Artist (นักสร้างภาพเคลื่อนไหวและสื่อสามมิติ),8.3,นักพัฒนาและออกแบบสื่อผสม,Multimedia Designer & Developer,Internet Thailand (INET),กรุงเทพมหานคร,ตามโครงสร้างองค์กร / ตามประสบการณ์,Entry-Level / เด็กจบใหม่ (0-2 ปี),0-2,after effects; premiere pro; blender; 3d animation; photoshop; illustrator; visual effects; motion design; unity,ออกแบบและสร้างสรรค์ภาพเคลื่อนไหว 2D/3D และ Visual Effects; โมเดลวัตถุ 3 มิติและจัดแสงด้วยโปรแกรม Blender; ตัดต่อวิดีโอเพื่อนำเสนอผลิตภัณฑ์และฟีเจอร์ใหม่; ทำงานร่วมกับทีมครีเอทีฟเพื่อสร้างสื่อที่น่าสนใจ,after effects; premiere pro; blender; 3d animation; photoshop; illustrator; visual effects; motion design,https://jobs.blognone.com
TH-TQF-8.3-030,Frontend UI Developer (นักพัฒนาส่วนต่อประสานผู้ใช้),8.3,นักพัฒนาและออกแบบสื่อผสม,Multimedia Designer & Developer,Wisesight (Thailand),ปทุมธานี,ตามโครงสร้างองค์กร / ตามประสบการณ์,Entry-Level / เด็กจบใหม่ (0-1 ปี),0-1,html5; css3; javascript; tailwind; figma; responsive design; bootstrap; ui/ux,แปลงงานออกแบบจาก Figma เป็นโค้ด HTML/CSS/JS ที่ตอบสนองทุกหน้าจอ; พัฒนา Micro-interaction และ Animation บนหน้าเว็บให้ลื่นไหล; ดูแลความสวยงามและการแสดงผลให้ตรงตาม Design System; ร่วมมือกับทีมนักพัฒนาซอฟต์แวร์ในการต่อยอดฟีเจอร์,html5; css3; javascript; tailwind; figma; responsive design; bootstrap; ui/ux,https://jobs.blognone.com
TH-TQF-8.4-001,IT Project Coordinator (นักประสานงานและจัดการโครงการไอที),8.4,นักจัดการโครงการสารสนเทศ,IT Project Manager / Coordinator,CP All (IT Division),กรุงเทพมหานคร,ตามโครงสร้างองค์กร / ตามประสบการณ์,Entry-Level / เด็กจบใหม่ (0-2 ปี),0-2,agile; scrum; jira; trello; project planning; communication; requirement gathering; documentation; time management; sdlc,วางแผนกำหนดการ ติดตามความคืบหน้าของโครงการ และจัดประชุม Sprint; ประสานงานระหว่างลูกค้า ทีมพัฒนาซอฟต์แวร์ และผู้มีส่วนได้ส่วนเสีย; บันทึกและจัดการงานบนระบบ Jira/Trello ให้ส่งมอบตรงเวลา; จัดทำรายงานสรุปสถานะโครงการและความเสี่ยง,agile; scrum; jira; trello; project planning; communication; requirement gathering; documentation,https://jobs.blognone.com
TH-TQF-8.4-002,Associate Scrum Master (ผู้ช่วยดูแลกระบวนการพัฒนาซอฟต์แวร์),8.4,นักจัดการโครงการสารสนเทศ,IT Project Manager / Coordinator,บริษัท ซอฟต์แวร์เฮาส์ชั้นนำในไทย,สมุทรปราการ,ตามโครงสร้างองค์กร / ตามประสบการณ์,Entry-Level / เด็กจบใหม่ (0-2 ปี),0-2,scrum; agile; jira; facilitation; communication; kanban; continuous improvement; sdlc,"จัดประชุม Daily Standup, Sprint Planning, Review และ Retrospective; ช่วยเหลือทีมขจัดอุปสรรคที่ขัดขวางการทำงาน (Blockers); สนับสนุน Product Owner ในการจัดลำดับความสำคัญของ Product Backlog; ส่งเสริมวัฒนธรรมการทำงานแบบ Agile ภายในทีม",scrum; agile; jira; facilitation; communication; kanban; continuous improvement; sdlc,https://jobs.blognone.com
TH-TQF-8.4-003,Assistant IT Project Manager (ผู้ช่วยผู้จัดการโครงการไอที),8.4,นักจัดการโครงการสารสนเทศ,IT Project Manager / Coordinator,True Digital Group,ชลบุรี (EEC),ตามโครงสร้างองค์กร / ตามประสบการณ์,Mid-Level / มีประสบการณ์ (1-3 ปี),1-3,project management; sdlc; risk management; budgeting; jira; agile; vendor management; stakeholder management; scrum,ช่วยบริหารจัดการขอบเขตงาน งบประมาณ และเวลาของโครงการไอที; ติดตามผลการดำเนินงานของ Vendor และทีมพัฒนาระบบภายนอก; ประเมินความเสี่ยงและวางแผนรับมือเพื่อป้องกันความล่าช้า; จัดทำเอกสารส่งมอบโครงการและรายงานสรุปผลแก่ผู้บริหาร,project management; sdlc; risk management; budgeting; jira; agile; vendor management; stakeholder management,https://jobs.blognone.com
TH-TQF-8.4-004,IT PMO Officer (เจ้าหน้าที่สำนักงานบริหารโครงการเทคโนโลยี),8.4,นักจัดการโครงการสารสนเทศ,IT Project Manager / Coordinator,PTT Digital Solutions,กรุงเทพมหานคร,ตามโครงสร้างองค์กร / ตามประสบการณ์,Entry-Level / เด็กจบใหม่ (0-2 ปี),0-2,project management; excel; powerpoint; jira; documentation; process improvement; reporting; governance,รวบรวมและตรวจสอบความถูกต้องของรายงานสถานะโครงการทั้งหมด; ติดตามการใช้งบประมาณและทรัพยากรบุคคลในแต่ละโครงการ; ปรับปรุงกระบวนการและมาตรฐานการทำงานของ PMO; จัดเตรียมเอกสารการประชุมสำหรับคณะกรรมการโครงการ,project management; excel; powerpoint; jira; documentation; process improvement; reporting; governance,https://jobs.blognone.com
TH-TQF-8.4-005,Product Owner / Coordinator (ผู้ประสานงานและดูแลผลิตภัณฑ์ดิจิทัล),8.4,นักจัดการโครงการสารสนเทศ,IT Project Manager / Coordinator,PromptNow Company Limited,นนทบุรี,ตามโครงสร้างองค์กร / ตามประสบการณ์,Entry-Level / เด็กจบใหม่ (0-2 ปี),0-2,agile; scrum; user story; jira; wireframing; market research; communication; roadmap planning; trello,รวบรวมความต้องการจากผู้ใช้งานและธุรกิจเพื่อจัดทำ User Stories; บริหารจัดการและจัดลำดับความสำคัญของ Product Backlog; ตรวจสอบและทดสอบผลงานของทีมพัฒนาในแต่ละ Sprint; สื่อสาร Roadmap ของผลิตภัณฑ์ให้ทีมเข้าใจตรงกัน,agile; scrum; user story; jira; wireframing; market research; communication; roadmap planning,https://jobs.blognone.com
TH-TQF-8.4-006,IT Delivery Coordinator (ผู้ประสานงานส่งมอบระบบไอที),8.4,นักจัดการโครงการสารสนเทศ,IT Project Manager / Coordinator,ReadyPlanet Public Company Limited,เชียงใหม่,ตามโครงสร้างองค์กร / ตามประสบการณ์,Entry-Level / เด็กจบใหม่ (0-1 ปี),0-1,communication; jira; sdlc; uat; documentation; coordination; problem solving,ประสานงานการติดตั้งและส่งมอบระบบซอฟต์แวร์ให้แก่ผู้ใช้งาน; จัดเตรียมแผนการทดสอบ UAT และรวบรวมข้อเสนอแนะจากผู้ใช้; จัดทำคู่มือการใช้งานระบบและจัดอบรมเบื้องต้น; ติดตามการแก้ปัญหาหลังการเริ่มใช้งานจริง (Go-Live),communication; jira; sdlc; uat; documentation; coordination; problem solving,https://jobs.blognone.com
TH-TQF-8.4-007,IT Project Coordinator (นักประสานงานและจัดการโครงการไอที),8.4,นักจัดการโครงการสารสนเทศ,IT Project Manager / Coordinator,Agoda Services (Bangkok),ภูเก็ต,ตามโครงสร้างองค์กร / ตามประสบการณ์,Entry-Level / เด็กจบใหม่ (0-2 ปี),0-2,agile; scrum; jira; trello; project planning; communication; requirement gathering; documentation; time management; risk management,วางแผนกำหนดการ ติดตามความคืบหน้าของโครงการ และจัดประชุม Sprint; ประสานงานระหว่างลูกค้า ทีมพัฒนาซอฟต์แวร์ และผู้มีส่วนได้ส่วนเสีย; บันทึกและจัดการงานบนระบบ Jira/Trello ให้ส่งมอบตรงเวลา; จัดทำรายงานสรุปสถานะโครงการและความเสี่ยง,agile; scrum; jira; trello; project planning; communication; requirement gathering; documentation,https://jobs.blognone.com
TH-TQF-8.4-008,Associate Scrum Master (ผู้ช่วยดูแลกระบวนการพัฒนาซอฟต์แวร์),8.4,นักจัดการโครงการสารสนเทศ,IT Project Manager / Coordinator,Bangkok Bank (IT Division),กรุงเทพมหานคร,ตามโครงสร้างองค์กร / ตามประสบการณ์,Entry-Level / เด็กจบใหม่ (0-2 ปี),0-2,scrum; agile; jira; facilitation; communication; kanban; continuous improvement; sdlc,"จัดประชุม Daily Standup, Sprint Planning, Review และ Retrospective; ช่วยเหลือทีมขจัดอุปสรรคที่ขัดขวางการทำงาน (Blockers); สนับสนุน Product Owner ในการจัดลำดับความสำคัญของ Product Backlog; ส่งเสริมวัฒนธรรมการทำงานแบบ Agile ภายในทีม",scrum; agile; jira; facilitation; communication; kanban; continuous improvement; sdlc,https://jobs.blognone.com
TH-TQF-8.4-009,Assistant IT Project Manager (ผู้ช่วยผู้จัดการโครงการไอที),8.4,นักจัดการโครงการสารสนเทศ,IT Project Manager / Coordinator,CP All (IT Division),ปทุมธานี,ตามโครงสร้างองค์กร / ตามประสบการณ์,Mid-Level / มีประสบการณ์ (1-3 ปี),1-3,project management; sdlc; risk management; budgeting; jira; agile; vendor management; stakeholder management; communication,ช่วยบริหารจัดการขอบเขตงาน งบประมาณ และเวลาของโครงการไอที; ติดตามผลการดำเนินงานของ Vendor และทีมพัฒนาระบบภายนอก; ประเมินความเสี่ยงและวางแผนรับมือเพื่อป้องกันความล่าช้า; จัดทำเอกสารส่งมอบโครงการและรายงานสรุปผลแก่ผู้บริหาร,project management; sdlc; risk management; budgeting; jira; agile; vendor management; stakeholder management,https://jobs.blognone.com
TH-TQF-8.4-010,IT PMO Officer (เจ้าหน้าที่สำนักงานบริหารโครงการเทคโนโลยี),8.4,นักจัดการโครงการสารสนเทศ,IT Project Manager / Coordinator,บริษัท ซอฟต์แวร์เฮาส์ชั้นนำในไทย,ขอนแก่น,ตามโครงสร้างองค์กร / ตามประสบการณ์,Entry-Level / เด็กจบใหม่ (0-2 ปี),0-2,project management; excel; powerpoint; jira; documentation; process improvement; reporting; governance,รวบรวมและตรวจสอบความถูกต้องของรายงานสถานะโครงการทั้งหมด; ติดตามการใช้งบประมาณและทรัพยากรบุคคลในแต่ละโครงการ; ปรับปรุงกระบวนการและมาตรฐานการทำงานของ PMO; จัดเตรียมเอกสารการประชุมสำหรับคณะกรรมการโครงการ,project management; excel; powerpoint; jira; documentation; process improvement; reporting; governance,https://jobs.blognone.com
TH-TQF-8.4-011,Product Owner / Coordinator (ผู้ประสานงานและดูแลผลิตภัณฑ์ดิจิทัล),8.4,นักจัดการโครงการสารสนเทศ,IT Project Manager / Coordinator,True Digital Group,Remote (ทำงานจากที่บ้านทั่วไทย),ตามโครงสร้างองค์กร / ตามประสบการณ์,Entry-Level / เด็กจบใหม่ (0-2 ปี),0-2,agile; scrum; user story; jira; wireframing; market research; communication; roadmap planning; project management,รวบรวมความต้องการจากผู้ใช้งานและธุรกิจเพื่อจัดทำ User Stories; บริหารจัดการและจัดลำดับความสำคัญของ Product Backlog; ตรวจสอบและทดสอบผลงานของทีมพัฒนาในแต่ละ Sprint; สื่อสาร Roadmap ของผลิตภัณฑ์ให้ทีมเข้าใจตรงกัน,agile; scrum; user story; jira; wireframing; market research; communication; roadmap planning,https://jobs.blognone.com
TH-TQF-8.4-012,IT Delivery Coordinator (ผู้ประสานงานส่งมอบระบบไอที),8.4,นักจัดการโครงการสารสนเทศ,IT Project Manager / Coordinator,PTT Digital Solutions,กรุงเทพมหานคร,ตามโครงสร้างองค์กร / ตามประสบการณ์,Entry-Level / เด็กจบใหม่ (0-1 ปี),0-1,communication; jira; sdlc; uat; documentation; coordination; problem solving,ประสานงานการติดตั้งและส่งมอบระบบซอฟต์แวร์ให้แก่ผู้ใช้งาน; จัดเตรียมแผนการทดสอบ UAT และรวบรวมข้อเสนอแนะจากผู้ใช้; จัดทำคู่มือการใช้งานระบบและจัดอบรมเบื้องต้น; ติดตามการแก้ปัญหาหลังการเริ่มใช้งานจริง (Go-Live),communication; jira; sdlc; uat; documentation; coordination; problem solving,https://jobs.blognone.com
TH-TQF-8.4-013,IT Project Coordinator (นักประสานงานและจัดการโครงการไอที),8.4,นักจัดการโครงการสารสนเทศ,IT Project Manager / Coordinator,PromptNow Company Limited,สมุทรปราการ,ตามโครงสร้างองค์กร / ตามประสบการณ์,Entry-Level / เด็กจบใหม่ (0-2 ปี),0-2,agile; scrum; jira; trello; project planning; communication; requirement gathering; documentation; time management; risk management,วางแผนกำหนดการ ติดตามความคืบหน้าของโครงการ และจัดประชุม Sprint; ประสานงานระหว่างลูกค้า ทีมพัฒนาซอฟต์แวร์ และผู้มีส่วนได้ส่วนเสีย; บันทึกและจัดการงานบนระบบ Jira/Trello ให้ส่งมอบตรงเวลา; จัดทำรายงานสรุปสถานะโครงการและความเสี่ยง,agile; scrum; jira; trello; project planning; communication; requirement gathering; documentation,https://jobs.blognone.com
TH-TQF-8.4-014,Associate Scrum Master (ผู้ช่วยดูแลกระบวนการพัฒนาซอฟต์แวร์),8.4,นักจัดการโครงการสารสนเทศ,IT Project Manager / Coordinator,ReadyPlanet Public Company Limited,ชลบุรี (EEC),ตามโครงสร้างองค์กร / ตามประสบการณ์,Entry-Level / เด็กจบใหม่ (0-2 ปี),0-2,scrum; agile; jira; facilitation; communication; kanban; continuous improvement; sdlc,"จัดประชุม Daily Standup, Sprint Planning, Review และ Retrospective; ช่วยเหลือทีมขจัดอุปสรรคที่ขัดขวางการทำงาน (Blockers); สนับสนุน Product Owner ในการจัดลำดับความสำคัญของ Product Backlog; ส่งเสริมวัฒนธรรมการทำงานแบบ Agile ภายในทีม",scrum; agile; jira; facilitation; communication; kanban; continuous improvement; sdlc,https://jobs.blognone.com
TH-TQF-8.4-015,Assistant IT Project Manager (ผู้ช่วยผู้จัดการโครงการไอที),8.4,นักจัดการโครงการสารสนเทศ,IT Project Manager / Coordinator,Agoda Services (Bangkok),กรุงเทพมหานคร,ตามโครงสร้างองค์กร / ตามประสบการณ์,Mid-Level / มีประสบการณ์ (1-3 ปี),1-3,project management; sdlc; risk management; budgeting; jira; agile; vendor management; stakeholder management; scrum,ช่วยบริหารจัดการขอบเขตงาน งบประมาณ และเวลาของโครงการไอที; ติดตามผลการดำเนินงานของ Vendor และทีมพัฒนาระบบภายนอก; ประเมินความเสี่ยงและวางแผนรับมือเพื่อป้องกันความล่าช้า; จัดทำเอกสารส่งมอบโครงการและรายงานสรุปผลแก่ผู้บริหาร,project management; sdlc; risk management; budgeting; jira; agile; vendor management; stakeholder management,https://jobs.blognone.com
TH-TQF-8.4-016,IT PMO Officer (เจ้าหน้าที่สำนักงานบริหารโครงการเทคโนโลยี),8.4,นักจัดการโครงการสารสนเทศ,IT Project Manager / Coordinator,Bangkok Bank (IT Division),นนทบุรี,ตามโครงสร้างองค์กร / ตามประสบการณ์,Entry-Level / เด็กจบใหม่ (0-2 ปี),0-2,project management; excel; powerpoint; jira; documentation; process improvement; reporting; governance,รวบรวมและตรวจสอบความถูกต้องของรายงานสถานะโครงการทั้งหมด; ติดตามการใช้งบประมาณและทรัพยากรบุคคลในแต่ละโครงการ; ปรับปรุงกระบวนการและมาตรฐานการทำงานของ PMO; จัดเตรียมเอกสารการประชุมสำหรับคณะกรรมการโครงการ,project management; excel; powerpoint; jira; documentation; process improvement; reporting; governance,https://jobs.blognone.com
TH-TQF-8.4-017,Product Owner / Coordinator (ผู้ประสานงานและดูแลผลิตภัณฑ์ดิจิทัล),8.4,นักจัดการโครงการสารสนเทศ,IT Project Manager / Coordinator,CP All (IT Division),เชียงใหม่,ตามโครงสร้างองค์กร / ตามประสบการณ์,Entry-Level / เด็กจบใหม่ (0-2 ปี),0-2,agile; scrum; user story; jira; wireframing; market research; communication; roadmap planning; trello,รวบรวมความต้องการจากผู้ใช้งานและธุรกิจเพื่อจัดทำ User Stories; บริหารจัดการและจัดลำดับความสำคัญของ Product Backlog; ตรวจสอบและทดสอบผลงานของทีมพัฒนาในแต่ละ Sprint; สื่อสาร Roadmap ของผลิตภัณฑ์ให้ทีมเข้าใจตรงกัน,agile; scrum; user story; jira; wireframing; market research; communication; roadmap planning,https://jobs.blognone.com
TH-TQF-8.4-018,IT Delivery Coordinator (ผู้ประสานงานส่งมอบระบบไอที),8.4,นักจัดการโครงการสารสนเทศ,IT Project Manager / Coordinator,บริษัท ซอฟต์แวร์เฮาส์ชั้นนำในไทย,ภูเก็ต,ตามโครงสร้างองค์กร / ตามประสบการณ์,Entry-Level / เด็กจบใหม่ (0-1 ปี),0-1,communication; jira; sdlc; uat; documentation; coordination; problem solving,ประสานงานการติดตั้งและส่งมอบระบบซอฟต์แวร์ให้แก่ผู้ใช้งาน; จัดเตรียมแผนการทดสอบ UAT และรวบรวมข้อเสนอแนะจากผู้ใช้; จัดทำคู่มือการใช้งานระบบและจัดอบรมเบื้องต้น; ติดตามการแก้ปัญหาหลังการเริ่มใช้งานจริง (Go-Live),communication; jira; sdlc; uat; documentation; coordination; problem solving,https://jobs.blognone.com
TH-TQF-8.4-019,IT Project Coordinator (นักประสานงานและจัดการโครงการไอที),8.4,นักจัดการโครงการสารสนเทศ,IT Project Manager / Coordinator,True Digital Group,กรุงเทพมหานคร,ตามโครงสร้างองค์กร / ตามประสบการณ์,Entry-Level / เด็กจบใหม่ (0-2 ปี),0-2,agile; scrum; jira; trello; project planning; communication; requirement gathering; documentation; time management; project management,วางแผนกำหนดการ ติดตามความคืบหน้าของโครงการ และจัดประชุม Sprint; ประสานงานระหว่างลูกค้า ทีมพัฒนาซอฟต์แวร์ และผู้มีส่วนได้ส่วนเสีย; บันทึกและจัดการงานบนระบบ Jira/Trello ให้ส่งมอบตรงเวลา; จัดทำรายงานสรุปสถานะโครงการและความเสี่ยง,agile; scrum; jira; trello; project planning; communication; requirement gathering; documentation,https://jobs.blognone.com
TH-TQF-8.4-020,Associate Scrum Master (ผู้ช่วยดูแลกระบวนการพัฒนาซอฟต์แวร์),8.4,นักจัดการโครงการสารสนเทศ,IT Project Manager / Coordinator,PTT Digital Solutions,ปทุมธานี,ตามโครงสร้างองค์กร / ตามประสบการณ์,Entry-Level / เด็กจบใหม่ (0-2 ปี),0-2,scrum; agile; jira; facilitation; communication; kanban; continuous improvement; sdlc,"จัดประชุม Daily Standup, Sprint Planning, Review และ Retrospective; ช่วยเหลือทีมขจัดอุปสรรคที่ขัดขวางการทำงาน (Blockers); สนับสนุน Product Owner ในการจัดลำดับความสำคัญของ Product Backlog; ส่งเสริมวัฒนธรรมการทำงานแบบ Agile ภายในทีม",scrum; agile; jira; facilitation; communication; kanban; continuous improvement; sdlc,https://jobs.blognone.com
TH-TQF-8.4-021,Assistant IT Project Manager (ผู้ช่วยผู้จัดการโครงการไอที),8.4,นักจัดการโครงการสารสนเทศ,IT Project Manager / Coordinator,PromptNow Company Limited,ขอนแก่น,ตามโครงสร้างองค์กร / ตามประสบการณ์,Mid-Level / มีประสบการณ์ (1-3 ปี),1-3,project management; sdlc; risk management; budgeting; jira; agile; vendor management; stakeholder management; scrum,ช่วยบริหารจัดการขอบเขตงาน งบประมาณ และเวลาของโครงการไอที; ติดตามผลการดำเนินงานของ Vendor และทีมพัฒนาระบบภายนอก; ประเมินความเสี่ยงและวางแผนรับมือเพื่อป้องกันความล่าช้า; จัดทำเอกสารส่งมอบโครงการและรายงานสรุปผลแก่ผู้บริหาร,project management; sdlc; risk management; budgeting; jira; agile; vendor management; stakeholder management,https://jobs.blognone.com
TH-TQF-8.4-022,IT PMO Officer (เจ้าหน้าที่สำนักงานบริหารโครงการเทคโนโลยี),8.4,นักจัดการโครงการสารสนเทศ,IT Project Manager / Coordinator,ReadyPlanet Public Company Limited,Remote (ทำงานจากที่บ้านทั่วไทย),ตามโครงสร้างองค์กร / ตามประสบการณ์,Entry-Level / เด็กจบใหม่ (0-2 ปี),0-2,project management; excel; powerpoint; jira; documentation; process improvement; reporting; governance,รวบรวมและตรวจสอบความถูกต้องของรายงานสถานะโครงการทั้งหมด; ติดตามการใช้งบประมาณและทรัพยากรบุคคลในแต่ละโครงการ; ปรับปรุงกระบวนการและมาตรฐานการทำงานของ PMO; จัดเตรียมเอกสารการประชุมสำหรับคณะกรรมการโครงการ,project management; excel; powerpoint; jira; documentation; process improvement; reporting; governance,https://jobs.blognone.com
TH-TQF-8.4-023,Product Owner / Coordinator (ผู้ประสานงานและดูแลผลิตภัณฑ์ดิจิทัล),8.4,นักจัดการโครงการสารสนเทศ,IT Project Manager / Coordinator,Agoda Services (Bangkok),กรุงเทพมหานคร,ตามโครงสร้างองค์กร / ตามประสบการณ์,Entry-Level / เด็กจบใหม่ (0-2 ปี),0-2,agile; scrum; user story; jira; wireframing; market research; communication; roadmap planning; risk management,รวบรวมความต้องการจากผู้ใช้งานและธุรกิจเพื่อจัดทำ User Stories; บริหารจัดการและจัดลำดับความสำคัญของ Product Backlog; ตรวจสอบและทดสอบผลงานของทีมพัฒนาในแต่ละ Sprint; สื่อสาร Roadmap ของผลิตภัณฑ์ให้ทีมเข้าใจตรงกัน,agile; scrum; user story; jira; wireframing; market research; communication; roadmap planning,https://jobs.blognone.com
TH-TQF-8.4-024,IT Delivery Coordinator (ผู้ประสานงานส่งมอบระบบไอที),8.4,นักจัดการโครงการสารสนเทศ,IT Project Manager / Coordinator,Bangkok Bank (IT Division),สมุทรปราการ,ตามโครงสร้างองค์กร / ตามประสบการณ์,Entry-Level / เด็กจบใหม่ (0-1 ปี),0-1,communication; jira; sdlc; uat; documentation; coordination; problem solving,ประสานงานการติดตั้งและส่งมอบระบบซอฟต์แวร์ให้แก่ผู้ใช้งาน; จัดเตรียมแผนการทดสอบ UAT และรวบรวมข้อเสนอแนะจากผู้ใช้; จัดทำคู่มือการใช้งานระบบและจัดอบรมเบื้องต้น; ติดตามการแก้ปัญหาหลังการเริ่มใช้งานจริง (Go-Live),communication; jira; sdlc; uat; documentation; coordination; problem solving,https://jobs.blognone.com
TH-TQF-8.4-025,IT Project Coordinator (นักประสานงานและจัดการโครงการไอที),8.4,นักจัดการโครงการสารสนเทศ,IT Project Manager / Coordinator,CP All (IT Division),ชลบุรี (EEC),ตามโครงสร้างองค์กร / ตามประสบการณ์,Entry-Level / เด็กจบใหม่ (0-2 ปี),0-2,agile; scrum; jira; trello; project planning; communication; requirement gathering; documentation; time management; project management,วางแผนกำหนดการ ติดตามความคืบหน้าของโครงการ และจัดประชุม Sprint; ประสานงานระหว่างลูกค้า ทีมพัฒนาซอฟต์แวร์ และผู้มีส่วนได้ส่วนเสีย; บันทึกและจัดการงานบนระบบ Jira/Trello ให้ส่งมอบตรงเวลา; จัดทำรายงานสรุปสถานะโครงการและความเสี่ยง,agile; scrum; jira; trello; project planning; communication; requirement gathering; documentation,https://jobs.blognone.com
TH-TQF-8.4-026,Associate Scrum Master (ผู้ช่วยดูแลกระบวนการพัฒนาซอฟต์แวร์),8.4,นักจัดการโครงการสารสนเทศ,IT Project Manager / Coordinator,บริษัท ซอฟต์แวร์เฮาส์ชั้นนำในไทย,กรุงเทพมหานคร,ตามโครงสร้างองค์กร / ตามประสบการณ์,Entry-Level / เด็กจบใหม่ (0-2 ปี),0-2,scrum; agile; jira; facilitation; communication; kanban; continuous improvement; sdlc,"จัดประชุม Daily Standup, Sprint Planning, Review และ Retrospective; ช่วยเหลือทีมขจัดอุปสรรคที่ขัดขวางการทำงาน (Blockers); สนับสนุน Product Owner ในการจัดลำดับความสำคัญของ Product Backlog; ส่งเสริมวัฒนธรรมการทำงานแบบ Agile ภายในทีม",scrum; agile; jira; facilitation; communication; kanban; continuous improvement; sdlc,https://jobs.blognone.com
TH-TQF-8.4-027,Assistant IT Project Manager (ผู้ช่วยผู้จัดการโครงการไอที),8.4,นักจัดการโครงการสารสนเทศ,IT Project Manager / Coordinator,True Digital Group,นนทบุรี,ตามโครงสร้างองค์กร / ตามประสบการณ์,Mid-Level / มีประสบการณ์ (1-3 ปี),1-3,project management; sdlc; risk management; budgeting; jira; agile; vendor management; stakeholder management; communication,ช่วยบริหารจัดการขอบเขตงาน งบประมาณ และเวลาของโครงการไอที; ติดตามผลการดำเนินงานของ Vendor และทีมพัฒนาระบบภายนอก; ประเมินความเสี่ยงและวางแผนรับมือเพื่อป้องกันความล่าช้า; จัดทำเอกสารส่งมอบโครงการและรายงานสรุปผลแก่ผู้บริหาร,project management; sdlc; risk management; budgeting; jira; agile; vendor management; stakeholder management,https://jobs.blognone.com
TH-TQF-8.4-028,IT PMO Officer (เจ้าหน้าที่สำนักงานบริหารโครงการเทคโนโลยี),8.4,นักจัดการโครงการสารสนเทศ,IT Project Manager / Coordinator,PTT Digital Solutions,เชียงใหม่,ตามโครงสร้างองค์กร / ตามประสบการณ์,Entry-Level / เด็กจบใหม่ (0-2 ปี),0-2,project management; excel; powerpoint; jira; documentation; process improvement; reporting; governance,รวบรวมและตรวจสอบความถูกต้องของรายงานสถานะโครงการทั้งหมด; ติดตามการใช้งบประมาณและทรัพยากรบุคคลในแต่ละโครงการ; ปรับปรุงกระบวนการและมาตรฐานการทำงานของ PMO; จัดเตรียมเอกสารการประชุมสำหรับคณะกรรมการโครงการ,project management; excel; powerpoint; jira; documentation; process improvement; reporting; governance,https://jobs.blognone.com
TH-TQF-8.4-029,Product Owner / Coordinator (ผู้ประสานงานและดูแลผลิตภัณฑ์ดิจิทัล),8.4,นักจัดการโครงการสารสนเทศ,IT Project Manager / Coordinator,PromptNow Company Limited,ภูเก็ต,ตามโครงสร้างองค์กร / ตามประสบการณ์,Entry-Level / เด็กจบใหม่ (0-2 ปี),0-2,agile; scrum; user story; jira; wireframing; market research; communication; roadmap planning; trello,รวบรวมความต้องการจากผู้ใช้งานและธุรกิจเพื่อจัดทำ User Stories; บริหารจัดการและจัดลำดับความสำคัญของ Product Backlog; ตรวจสอบและทดสอบผลงานของทีมพัฒนาในแต่ละ Sprint; สื่อสาร Roadmap ของผลิตภัณฑ์ให้ทีมเข้าใจตรงกัน,agile; scrum; user story; jira; wireframing; market research; communication; roadmap planning,https://jobs.blognone.com
TH-TQF-8.4-030,IT Delivery Coordinator (ผู้ประสานงานส่งมอบระบบไอที),8.4,นักจัดการโครงการสารสนเทศ,IT Project Manager / Coordinator,ReadyPlanet Public Company Limited,กรุงเทพมหานคร,ตามโครงสร้างองค์กร / ตามประสบการณ์,Entry-Level / เด็กจบใหม่ (0-1 ปี),0-1,communication; jira; sdlc; uat; documentation; coordination; problem solving,ประสานงานการติดตั้งและส่งมอบระบบซอฟต์แวร์ให้แก่ผู้ใช้งาน; จัดเตรียมแผนการทดสอบ UAT และรวบรวมข้อเสนอแนะจากผู้ใช้; จัดทำคู่มือการใช้งานระบบและจัดอบรมเบื้องต้น; ติดตามการแก้ปัญหาหลังการเริ่มใช้งานจริง (Go-Live),communication; jira; sdlc; uat; documentation; coordination; problem solving,https://jobs.blognone.com
TH-TQF-8.5-001,System Analyst (นักวิเคราะห์และออกแบบระบบงานสารสนเทศ),8.5,นักวิเคราะห์และออกแบบระบบงาน,System Analyst / Business Analyst,Siam Commercial Bank,Remote (ทำงานจากที่บ้านทั่วไทย),ตามโครงสร้างองค์กร / ตามประสบการณ์,Entry-Level / เด็กจบใหม่ (0-2 ปี),0-2,system analysis; business analysis; uml; use case; dfd; er diagram; database design; sql; requirement gathering; srs; wireframing,รวบรวมและวิเคราะห์ความต้องการทางธุรกิจจากลูกค้า (Requirement Gathering); ออกแบบสถาปัตยกรรมระบบ ฐานข้อมูล และแผนภาพ UML/DFD/ER Diagram; จัดทำเอกสารข้อกำหนดความต้องการระบบ (SRS) สำหรับโปรแกรมเมอร์; ตรวจสอบความถูกต้องของระบบงานก่อนส่งมอบ (UAT),system analysis; business analysis; uml; use case; dfd; er diagram; database design; sql,https://jobs.blognone.com
TH-TQF-8.5-002,Business Analyst - IT Solutions (นักวิเคราะห์ธุรกิจด้านเทคโนโลยี),8.5,นักวิเคราะห์และออกแบบระบบงาน,System Analyst / Business Analyst,CJ Express Group (Technology Center),กรุงเทพมหานคร,ตามโครงสร้างองค์กร / ตามประสบการณ์,Entry-Level / เด็กจบใหม่ (0-2 ปี),0-2,business analysis; requirement gathering; user story; wireframing; process mapping; sql; agile; jira; figma,ศึกษาและทำความเข้าใจกระบวนการทำงานทางธุรกิจเพื่อค้นหาจุดที่ควรปรับปรุง; ออกแบบ Business Process Flow และจัดทำ User Story / Use Case; สื่อสารความต้องการทางธุรกิจให้ทีมพัฒนาซอฟต์แวร์เข้าใจตรงกัน; ร่วมทดสอบระบบและประเมินความคุ้มค่าของการลงทุน (ROI),business analysis; requirement gathering; user story; wireframing; process mapping; sql; agile; jira,https://jobs.blognone.com
TH-TQF-8.5-003,Data & Systems Analyst (นักวิเคราะห์ข้อมูลและระบบประยุกต์),8.5,นักวิเคราะห์และออกแบบระบบงาน,System Analyst / Business Analyst,SCB TechX,สมุทรปราการ,ตามโครงสร้างองค์กร / ตามประสบการณ์,Entry-Level / เด็กจบใหม่ (0-2 ปี),0-2,sql; data analysis; system analysis; power bi; tableau; database design; excel; python basics; reporting; er diagram,วิเคราะห์และออกแบบโครงสร้างฐานข้อมูลสำหรับการจัดเก็บข้อมูลระบบ; เขียนคำสั่ง SQL เพื่อดึงข้อมูลและจัดทำรายงานแดชบอร์ด (Power BI/Tableau); วิเคราะห์ประสิทธิภาพของกระบวนการทำงานในระบบ; ตรวจสอบความถูกต้องและความสอดคล้องของข้อมูล,sql; data analysis; system analysis; power bi; tableau; database design; excel; python basics,https://jobs.blognone.com
TH-TQF-8.5-004,Junior Functional Consultant (ที่ปรึกษาระบบงานสารสนเทศองค์กร),8.5,นักวิเคราะห์และออกแบบระบบงาน,System Analyst / Business Analyst,Bitkub Online,ชลบุรี (EEC),ตามโครงสร้างองค์กร / ตามประสบการณ์,Entry-Level / เด็กจบใหม่ (0-1 ปี),0-1,system analysis; erp basics; sql; business process; requirement gathering; documentation; presentation,วิเคราะห์กระบวนการทำงานของลูกค้าเพื่อกำหนดค่าระบบสารสนเทศองค์กร; จัดทำเอกสาร Functional Specification และคู่มือการทำงาน; ให้คำปรึกษาและจัดอบรมการใช้งานระบบแก่ผู้ใช้; ทดสอบการทำงานของระบบให้สอดคล้องกับระเบียบปฏิบัติ,system analysis; erp basics; sql; business process; requirement gathering; documentation; presentation,https://jobs.blognone.com
TH-TQF-8.5-005,Enterprise Solution Analyst (นักวิเคราะห์โซลูชันระบบระดับองค์กร),8.5,นักวิเคราะห์และออกแบบระบบงาน,System Analyst / Business Analyst,G-Able Public Company Limited,กรุงเทพมหานคร,ตามโครงสร้างองค์กร / ตามประสบการณ์,Mid-Level / มีประสบการณ์ (1-3 ปี),1-3,system architecture; uml; api design; microservices; sql; cloud basics; security basics; srs; dfd,ออกแบบสถาปัตยกรรมระบบสารสนเทศและการเชื่อมต่อ API ระหว่างระบบ; วิเคราะห์ความปลอดภัยและความสามารถในการรองรับการขยายตัว (Scalability); กำหนดมาตรฐานการออกแบบฐานข้อมูลและบริการเว็บ; ประสานงานกับทีมพัฒนาระบบในการแก้ปัญหาเชิงสถาปัตยกรรม,system architecture; uml; api design; microservices; sql; cloud basics; security basics; srs,https://jobs.blognone.com
TH-TQF-8.5-006,Quality Assurance & System Tester (นักทดสอบและประกันคุณภาพระบบงาน),8.5,นักวิเคราะห์และออกแบบระบบงาน,System Analyst / Business Analyst,Internet Thailand (INET),นนทบุรี,ตามโครงสร้างองค์กร / ตามประสบการณ์,Entry-Level / เด็กจบใหม่ (0-1 ปี),0-1,test cases; uat; manual testing; selenium basics; postman; sql; jira; system analysis,ออกแบบ Test Scenario และ Test Case จากเอกสารข้อกำหนดความต้องการ (SRS); ดำเนินการทดสอบระบบแบบ Functional Testing และ API Testing ด้วย Postman; บันทึกและติดตามข้อผิดพลาด (Defects/Bugs) บนระบบ Jira; สนับสนุนผู้ใช้งานในการทดสอบระบบรอบสุดท้าย (UAT),test cases; uat; manual testing; selenium basics; postman; sql; jira; system analysis,https://jobs.blognone.com
TH-TQF-8.5-007,System Analyst (นักวิเคราะห์และออกแบบระบบงานสารสนเทศ),8.5,นักวิเคราะห์และออกแบบระบบงาน,System Analyst / Business Analyst,Wisesight (Thailand),เชียงใหม่,ตามโครงสร้างองค์กร / ตามประสบการณ์,Entry-Level / เด็กจบใหม่ (0-2 ปี),0-2,system analysis; business analysis; uml; use case; dfd; er diagram; database design; sql; requirement gathering; srs; wireframing,รวบรวมและวิเคราะห์ความต้องการทางธุรกิจจากลูกค้า (Requirement Gathering); ออกแบบสถาปัตยกรรมระบบ ฐานข้อมูล และแผนภาพ UML/DFD/ER Diagram; จัดทำเอกสารข้อกำหนดความต้องการระบบ (SRS) สำหรับโปรแกรมเมอร์; ตรวจสอบความถูกต้องของระบบงานก่อนส่งมอบ (UAT),system analysis; business analysis; uml; use case; dfd; er diagram; database design; sql,https://jobs.blognone.com
TH-TQF-8.5-008,Business Analyst - IT Solutions (นักวิเคราะห์ธุรกิจด้านเทคโนโลยี),8.5,นักวิเคราะห์และออกแบบระบบงาน,System Analyst / Business Analyst,AIS (Advanced Info Service),ภูเก็ต,ตามโครงสร้างองค์กร / ตามประสบการณ์,Entry-Level / เด็กจบใหม่ (0-2 ปี),0-2,business analysis; requirement gathering; user story; wireframing; process mapping; sql; agile; jira; figma,ศึกษาและทำความเข้าใจกระบวนการทำงานทางธุรกิจเพื่อค้นหาจุดที่ควรปรับปรุง; ออกแบบ Business Process Flow และจัดทำ User Story / Use Case; สื่อสารความต้องการทางธุรกิจให้ทีมพัฒนาซอฟต์แวร์เข้าใจตรงกัน; ร่วมทดสอบระบบและประเมินความคุ้มค่าของการลงทุน (ROI),business analysis; requirement gathering; user story; wireframing; process mapping; sql; agile; jira,https://jobs.blognone.com
TH-TQF-8.5-009,Data & Systems Analyst (นักวิเคราะห์ข้อมูลและระบบประยุกต์),8.5,นักวิเคราะห์และออกแบบระบบงาน,System Analyst / Business Analyst,Siam Commercial Bank,กรุงเทพมหานคร,ตามโครงสร้างองค์กร / ตามประสบการณ์,Entry-Level / เด็กจบใหม่ (0-2 ปี),0-2,sql; data analysis; system analysis; power bi; tableau; database design; excel; python basics; reporting; wireframing,วิเคราะห์และออกแบบโครงสร้างฐานข้อมูลสำหรับการจัดเก็บข้อมูลระบบ; เขียนคำสั่ง SQL เพื่อดึงข้อมูลและจัดทำรายงานแดชบอร์ด (Power BI/Tableau); วิเคราะห์ประสิทธิภาพของกระบวนการทำงานในระบบ; ตรวจสอบความถูกต้องและความสอดคล้องของข้อมูล,sql; data analysis; system analysis; power bi; tableau; database design; excel; python basics,https://jobs.blognone.com
TH-TQF-8.5-010,Junior Functional Consultant (ที่ปรึกษาระบบงานสารสนเทศองค์กร),8.5,นักวิเคราะห์และออกแบบระบบงาน,System Analyst / Business Analyst,CJ Express Group (Technology Center),ปทุมธานี,ตามโครงสร้างองค์กร / ตามประสบการณ์,Entry-Level / เด็กจบใหม่ (0-1 ปี),0-1,system analysis; erp basics; sql; business process; requirement gathering; documentation; presentation,วิเคราะห์กระบวนการทำงานของลูกค้าเพื่อกำหนดค่าระบบสารสนเทศองค์กร; จัดทำเอกสาร Functional Specification และคู่มือการทำงาน; ให้คำปรึกษาและจัดอบรมการใช้งานระบบแก่ผู้ใช้; ทดสอบการทำงานของระบบให้สอดคล้องกับระเบียบปฏิบัติ,system analysis; erp basics; sql; business process; requirement gathering; documentation; presentation,https://jobs.blognone.com
TH-TQF-8.5-011,Enterprise Solution Analyst (นักวิเคราะห์โซลูชันระบบระดับองค์กร),8.5,นักวิเคราะห์และออกแบบระบบงาน,System Analyst / Business Analyst,SCB TechX,ขอนแก่น,ตามโครงสร้างองค์กร / ตามประสบการณ์,Mid-Level / มีประสบการณ์ (1-3 ปี),1-3,system architecture; uml; api design; microservices; sql; cloud basics; security basics; srs; business analysis,ออกแบบสถาปัตยกรรมระบบสารสนเทศและการเชื่อมต่อ API ระหว่างระบบ; วิเคราะห์ความปลอดภัยและความสามารถในการรองรับการขยายตัว (Scalability); กำหนดมาตรฐานการออกแบบฐานข้อมูลและบริการเว็บ; ประสานงานกับทีมพัฒนาระบบในการแก้ปัญหาเชิงสถาปัตยกรรม,system architecture; uml; api design; microservices; sql; cloud basics; security basics; srs,https://jobs.blognone.com
TH-TQF-8.5-012,Quality Assurance & System Tester (นักทดสอบและประกันคุณภาพระบบงาน),8.5,นักวิเคราะห์และออกแบบระบบงาน,System Analyst / Business Analyst,Bitkub Online,Remote (ทำงานจากที่บ้านทั่วไทย),ตามโครงสร้างองค์กร / ตามประสบการณ์,Entry-Level / เด็กจบใหม่ (0-1 ปี),0-1,test cases; uat; manual testing; selenium basics; postman; sql; jira; system analysis,ออกแบบ Test Scenario และ Test Case จากเอกสารข้อกำหนดความต้องการ (SRS); ดำเนินการทดสอบระบบแบบ Functional Testing และ API Testing ด้วย Postman; บันทึกและติดตามข้อผิดพลาด (Defects/Bugs) บนระบบ Jira; สนับสนุนผู้ใช้งานในการทดสอบระบบรอบสุดท้าย (UAT),test cases; uat; manual testing; selenium basics; postman; sql; jira; system analysis,https://jobs.blognone.com
TH-TQF-8.5-013,System Analyst (นักวิเคราะห์และออกแบบระบบงานสารสนเทศ),8.5,นักวิเคราะห์และออกแบบระบบงาน,System Analyst / Business Analyst,G-Able Public Company Limited,กรุงเทพมหานคร,ตามโครงสร้างองค์กร / ตามประสบการณ์,Entry-Level / เด็กจบใหม่ (0-2 ปี),0-2,system analysis; business analysis; uml; use case; dfd; er diagram; database design; sql; requirement gathering; srs; wireframing,รวบรวมและวิเคราะห์ความต้องการทางธุรกิจจากลูกค้า (Requirement Gathering); ออกแบบสถาปัตยกรรมระบบ ฐานข้อมูล และแผนภาพ UML/DFD/ER Diagram; จัดทำเอกสารข้อกำหนดความต้องการระบบ (SRS) สำหรับโปรแกรมเมอร์; ตรวจสอบความถูกต้องของระบบงานก่อนส่งมอบ (UAT),system analysis; business analysis; uml; use case; dfd; er diagram; database design; sql,https://jobs.blognone.com
TH-TQF-8.5-014,Business Analyst - IT Solutions (นักวิเคราะห์ธุรกิจด้านเทคโนโลยี),8.5,นักวิเคราะห์และออกแบบระบบงาน,System Analyst / Business Analyst,Internet Thailand (INET),สมุทรปราการ,ตามโครงสร้างองค์กร / ตามประสบการณ์,Entry-Level / เด็กจบใหม่ (0-2 ปี),0-2,business analysis; requirement gathering; user story; wireframing; process mapping; sql; agile; jira; figma,ศึกษาและทำความเข้าใจกระบวนการทำงานทางธุรกิจเพื่อค้นหาจุดที่ควรปรับปรุง; ออกแบบ Business Process Flow และจัดทำ User Story / Use Case; สื่อสารความต้องการทางธุรกิจให้ทีมพัฒนาซอฟต์แวร์เข้าใจตรงกัน; ร่วมทดสอบระบบและประเมินความคุ้มค่าของการลงทุน (ROI),business analysis; requirement gathering; user story; wireframing; process mapping; sql; agile; jira,https://jobs.blognone.com
TH-TQF-8.5-015,Data & Systems Analyst (นักวิเคราะห์ข้อมูลและระบบประยุกต์),8.5,นักวิเคราะห์และออกแบบระบบงาน,System Analyst / Business Analyst,Wisesight (Thailand),ชลบุรี (EEC),ตามโครงสร้างองค์กร / ตามประสบการณ์,Entry-Level / เด็กจบใหม่ (0-2 ปี),0-2,sql; data analysis; system analysis; power bi; tableau; database design; excel; python basics; reporting; dfd,วิเคราะห์และออกแบบโครงสร้างฐานข้อมูลสำหรับการจัดเก็บข้อมูลระบบ; เขียนคำสั่ง SQL เพื่อดึงข้อมูลและจัดทำรายงานแดชบอร์ด (Power BI/Tableau); วิเคราะห์ประสิทธิภาพของกระบวนการทำงานในระบบ; ตรวจสอบความถูกต้องและความสอดคล้องของข้อมูล,sql; data analysis; system analysis; power bi; tableau; database design; excel; python basics,https://jobs.blognone.com
TH-TQF-8.5-016,Junior Functional Consultant (ที่ปรึกษาระบบงานสารสนเทศองค์กร),8.5,นักวิเคราะห์และออกแบบระบบงาน,System Analyst / Business Analyst,AIS (Advanced Info Service),กรุงเทพมหานคร,ตามโครงสร้างองค์กร / ตามประสบการณ์,Entry-Level / เด็กจบใหม่ (0-1 ปี),0-1,system analysis; erp basics; sql; business process; requirement gathering; documentation; presentation,วิเคราะห์กระบวนการทำงานของลูกค้าเพื่อกำหนดค่าระบบสารสนเทศองค์กร; จัดทำเอกสาร Functional Specification และคู่มือการทำงาน; ให้คำปรึกษาและจัดอบรมการใช้งานระบบแก่ผู้ใช้; ทดสอบการทำงานของระบบให้สอดคล้องกับระเบียบปฏิบัติ,system analysis; erp basics; sql; business process; requirement gathering; documentation; presentation,https://jobs.blognone.com
TH-TQF-8.5-017,Enterprise Solution Analyst (นักวิเคราะห์โซลูชันระบบระดับองค์กร),8.5,นักวิเคราะห์และออกแบบระบบงาน,System Analyst / Business Analyst,Siam Commercial Bank,นนทบุรี,ตามโครงสร้างองค์กร / ตามประสบการณ์,Mid-Level / มีประสบการณ์ (1-3 ปี),1-3,system architecture; uml; api design; microservices; sql; cloud basics; security basics; srs; wireframing,ออกแบบสถาปัตยกรรมระบบสารสนเทศและการเชื่อมต่อ API ระหว่างระบบ; วิเคราะห์ความปลอดภัยและความสามารถในการรองรับการขยายตัว (Scalability); กำหนดมาตรฐานการออกแบบฐานข้อมูลและบริการเว็บ; ประสานงานกับทีมพัฒนาระบบในการแก้ปัญหาเชิงสถาปัตยกรรม,system architecture; uml; api design; microservices; sql; cloud basics; security basics; srs,https://jobs.blognone.com
TH-TQF-8.5-018,Quality Assurance & System Tester (นักทดสอบและประกันคุณภาพระบบงาน),8.5,นักวิเคราะห์และออกแบบระบบงาน,System Analyst / Business Analyst,CJ Express Group (Technology Center),เชียงใหม่,ตามโครงสร้างองค์กร / ตามประสบการณ์,Entry-Level / เด็กจบใหม่ (0-1 ปี),0-1,test cases; uat; manual testing; selenium basics; postman; sql; jira; system analysis,ออกแบบ Test Scenario และ Test Case จากเอกสารข้อกำหนดความต้องการ (SRS); ดำเนินการทดสอบระบบแบบ Functional Testing และ API Testing ด้วย Postman; บันทึกและติดตามข้อผิดพลาด (Defects/Bugs) บนระบบ Jira; สนับสนุนผู้ใช้งานในการทดสอบระบบรอบสุดท้าย (UAT),test cases; uat; manual testing; selenium basics; postman; sql; jira; system analysis,https://jobs.blognone.com
TH-TQF-8.5-019,System Analyst (นักวิเคราะห์และออกแบบระบบงานสารสนเทศ),8.5,นักวิเคราะห์และออกแบบระบบงาน,System Analyst / Business Analyst,SCB TechX,ภูเก็ต,ตามโครงสร้างองค์กร / ตามประสบการณ์,Entry-Level / เด็กจบใหม่ (0-2 ปี),0-2,system analysis; business analysis; uml; use case; dfd; er diagram; database design; sql; requirement gathering; srs; wireframing,รวบรวมและวิเคราะห์ความต้องการทางธุรกิจจากลูกค้า (Requirement Gathering); ออกแบบสถาปัตยกรรมระบบ ฐานข้อมูล และแผนภาพ UML/DFD/ER Diagram; จัดทำเอกสารข้อกำหนดความต้องการระบบ (SRS) สำหรับโปรแกรมเมอร์; ตรวจสอบความถูกต้องของระบบงานก่อนส่งมอบ (UAT),system analysis; business analysis; uml; use case; dfd; er diagram; database design; sql,https://jobs.blognone.com
TH-TQF-8.5-020,Business Analyst - IT Solutions (นักวิเคราะห์ธุรกิจด้านเทคโนโลยี),8.5,นักวิเคราะห์และออกแบบระบบงาน,System Analyst / Business Analyst,Bitkub Online,กรุงเทพมหานคร,ตามโครงสร้างองค์กร / ตามประสบการณ์,Entry-Level / เด็กจบใหม่ (0-2 ปี),0-2,business analysis; requirement gathering; user story; wireframing; process mapping; sql; agile; jira; figma,ศึกษาและทำความเข้าใจกระบวนการทำงานทางธุรกิจเพื่อค้นหาจุดที่ควรปรับปรุง; ออกแบบ Business Process Flow และจัดทำ User Story / Use Case; สื่อสารความต้องการทางธุรกิจให้ทีมพัฒนาซอฟต์แวร์เข้าใจตรงกัน; ร่วมทดสอบระบบและประเมินความคุ้มค่าของการลงทุน (ROI),business analysis; requirement gathering; user story; wireframing; process mapping; sql; agile; jira,https://jobs.blognone.com
TH-TQF-8.5-021,Data & Systems Analyst (นักวิเคราะห์ข้อมูลและระบบประยุกต์),8.5,นักวิเคราะห์และออกแบบระบบงาน,System Analyst / Business Analyst,G-Able Public Company Limited,ปทุมธานี,ตามโครงสร้างองค์กร / ตามประสบการณ์,Entry-Level / เด็กจบใหม่ (0-2 ปี),0-2,sql; data analysis; system analysis; power bi; tableau; database design; excel; python basics; reporting; requirement gathering,วิเคราะห์และออกแบบโครงสร้างฐานข้อมูลสำหรับการจัดเก็บข้อมูลระบบ; เขียนคำสั่ง SQL เพื่อดึงข้อมูลและจัดทำรายงานแดชบอร์ด (Power BI/Tableau); วิเคราะห์ประสิทธิภาพของกระบวนการทำงานในระบบ; ตรวจสอบความถูกต้องและความสอดคล้องของข้อมูล,sql; data analysis; system analysis; power bi; tableau; database design; excel; python basics,https://jobs.blognone.com
TH-TQF-8.5-022,Junior Functional Consultant (ที่ปรึกษาระบบงานสารสนเทศองค์กร),8.5,นักวิเคราะห์และออกแบบระบบงาน,System Analyst / Business Analyst,Internet Thailand (INET),ขอนแก่น,ตามโครงสร้างองค์กร / ตามประสบการณ์,Entry-Level / เด็กจบใหม่ (0-1 ปี),0-1,system analysis; erp basics; sql; business process; requirement gathering; documentation; presentation,วิเคราะห์กระบวนการทำงานของลูกค้าเพื่อกำหนดค่าระบบสารสนเทศองค์กร; จัดทำเอกสาร Functional Specification และคู่มือการทำงาน; ให้คำปรึกษาและจัดอบรมการใช้งานระบบแก่ผู้ใช้; ทดสอบการทำงานของระบบให้สอดคล้องกับระเบียบปฏิบัติ,system analysis; erp basics; sql; business process; requirement gathering; documentation; presentation,https://jobs.blognone.com
TH-TQF-8.5-023,Enterprise Solution Analyst (นักวิเคราะห์โซลูชันระบบระดับองค์กร),8.5,นักวิเคราะห์และออกแบบระบบงาน,System Analyst / Business Analyst,Wisesight (Thailand),Remote (ทำงานจากที่บ้านทั่วไทย),ตามโครงสร้างองค์กร / ตามประสบการณ์,Mid-Level / มีประสบการณ์ (1-3 ปี),1-3,system architecture; uml; api design; microservices; sql; cloud basics; security basics; srs; system analysis,ออกแบบสถาปัตยกรรมระบบสารสนเทศและการเชื่อมต่อ API ระหว่างระบบ; วิเคราะห์ความปลอดภัยและความสามารถในการรองรับการขยายตัว (Scalability); กำหนดมาตรฐานการออกแบบฐานข้อมูลและบริการเว็บ; ประสานงานกับทีมพัฒนาระบบในการแก้ปัญหาเชิงสถาปัตยกรรม,system architecture; uml; api design; microservices; sql; cloud basics; security basics; srs,https://jobs.blognone.com
TH-TQF-8.5-024,Quality Assurance & System Tester (นักทดสอบและประกันคุณภาพระบบงาน),8.5,นักวิเคราะห์และออกแบบระบบงาน,System Analyst / Business Analyst,AIS (Advanced Info Service),กรุงเทพมหานคร,ตามโครงสร้างองค์กร / ตามประสบการณ์,Entry-Level / เด็กจบใหม่ (0-1 ปี),0-1,test cases; uat; manual testing; selenium basics; postman; sql; jira; system analysis,ออกแบบ Test Scenario และ Test Case จากเอกสารข้อกำหนดความต้องการ (SRS); ดำเนินการทดสอบระบบแบบ Functional Testing และ API Testing ด้วย Postman; บันทึกและติดตามข้อผิดพลาด (Defects/Bugs) บนระบบ Jira; สนับสนุนผู้ใช้งานในการทดสอบระบบรอบสุดท้าย (UAT),test cases; uat; manual testing; selenium basics; postman; sql; jira; system analysis,https://jobs.blognone.com
TH-TQF-8.5-025,System Analyst (นักวิเคราะห์และออกแบบระบบงานสารสนเทศ),8.5,นักวิเคราะห์และออกแบบระบบงาน,System Analyst / Business Analyst,Siam Commercial Bank,สมุทรปราการ,ตามโครงสร้างองค์กร / ตามประสบการณ์,Entry-Level / เด็กจบใหม่ (0-2 ปี),0-2,system analysis; business analysis; uml; use case; dfd; er diagram; database design; sql; requirement gathering; srs; wireframing,รวบรวมและวิเคราะห์ความต้องการทางธุรกิจจากลูกค้า (Requirement Gathering); ออกแบบสถาปัตยกรรมระบบ ฐานข้อมูล และแผนภาพ UML/DFD/ER Diagram; จัดทำเอกสารข้อกำหนดความต้องการระบบ (SRS) สำหรับโปรแกรมเมอร์; ตรวจสอบความถูกต้องของระบบงานก่อนส่งมอบ (UAT),system analysis; business analysis; uml; use case; dfd; er diagram; database design; sql,https://jobs.blognone.com
TH-TQF-8.5-026,Business Analyst - IT Solutions (นักวิเคราะห์ธุรกิจด้านเทคโนโลยี),8.5,นักวิเคราะห์และออกแบบระบบงาน,System Analyst / Business Analyst,CJ Express Group (Technology Center),ชลบุรี (EEC),ตามโครงสร้างองค์กร / ตามประสบการณ์,Entry-Level / เด็กจบใหม่ (0-2 ปี),0-2,business analysis; requirement gathering; user story; wireframing; process mapping; sql; agile; jira; figma,ศึกษาและทำความเข้าใจกระบวนการทำงานทางธุรกิจเพื่อค้นหาจุดที่ควรปรับปรุง; ออกแบบ Business Process Flow และจัดทำ User Story / Use Case; สื่อสารความต้องการทางธุรกิจให้ทีมพัฒนาซอฟต์แวร์เข้าใจตรงกัน; ร่วมทดสอบระบบและประเมินความคุ้มค่าของการลงทุน (ROI),business analysis; requirement gathering; user story; wireframing; process mapping; sql; agile; jira,https://jobs.blognone.com
TH-TQF-8.5-027,Data & Systems Analyst (นักวิเคราะห์ข้อมูลและระบบประยุกต์),8.5,นักวิเคราะห์และออกแบบระบบงาน,System Analyst / Business Analyst,SCB TechX,กรุงเทพมหานคร,ตามโครงสร้างองค์กร / ตามประสบการณ์,Entry-Level / เด็กจบใหม่ (0-2 ปี),0-2,sql; data analysis; system analysis; power bi; tableau; database design; excel; python basics; reporting; dfd,วิเคราะห์และออกแบบโครงสร้างฐานข้อมูลสำหรับการจัดเก็บข้อมูลระบบ; เขียนคำสั่ง SQL เพื่อดึงข้อมูลและจัดทำรายงานแดชบอร์ด (Power BI/Tableau); วิเคราะห์ประสิทธิภาพของกระบวนการทำงานในระบบ; ตรวจสอบความถูกต้องและความสอดคล้องของข้อมูล,sql; data analysis; system analysis; power bi; tableau; database design; excel; python basics,https://jobs.blognone.com
TH-TQF-8.5-028,Junior Functional Consultant (ที่ปรึกษาระบบงานสารสนเทศองค์กร),8.5,นักวิเคราะห์และออกแบบระบบงาน,System Analyst / Business Analyst,Bitkub Online,นนทบุรี,ตามโครงสร้างองค์กร / ตามประสบการณ์,Entry-Level / เด็กจบใหม่ (0-1 ปี),0-1,system analysis; erp basics; sql; business process; requirement gathering; documentation; presentation,วิเคราะห์กระบวนการทำงานของลูกค้าเพื่อกำหนดค่าระบบสารสนเทศองค์กร; จัดทำเอกสาร Functional Specification และคู่มือการทำงาน; ให้คำปรึกษาและจัดอบรมการใช้งานระบบแก่ผู้ใช้; ทดสอบการทำงานของระบบให้สอดคล้องกับระเบียบปฏิบัติ,system analysis; erp basics; sql; business process; requirement gathering; documentation; presentation,https://jobs.blognone.com
TH-TQF-8.5-029,Enterprise Solution Analyst (นักวิเคราะห์โซลูชันระบบระดับองค์กร),8.5,นักวิเคราะห์และออกแบบระบบงาน,System Analyst / Business Analyst,G-Able Public Company Limited,เชียงใหม่,ตามโครงสร้างองค์กร / ตามประสบการณ์,Mid-Level / มีประสบการณ์ (1-3 ปี),1-3,system architecture; uml; api design; microservices; sql; cloud basics; security basics; srs; requirement gathering,ออกแบบสถาปัตยกรรมระบบสารสนเทศและการเชื่อมต่อ API ระหว่างระบบ; วิเคราะห์ความปลอดภัยและความสามารถในการรองรับการขยายตัว (Scalability); กำหนดมาตรฐานการออกแบบฐานข้อมูลและบริการเว็บ; ประสานงานกับทีมพัฒนาระบบในการแก้ปัญหาเชิงสถาปัตยกรรม,system architecture; uml; api design; microservices; sql; cloud basics; security basics; srs,https://jobs.blognone.com
TH-TQF-8.5-030,Quality Assurance & System Tester (นักทดสอบและประกันคุณภาพระบบงาน),8.5,นักวิเคราะห์และออกแบบระบบงาน,System Analyst / Business Analyst,Internet Thailand (INET),ภูเก็ต,ตามโครงสร้างองค์กร / ตามประสบการณ์,Entry-Level / เด็กจบใหม่ (0-1 ปี),0-1,test cases; uat; manual testing; selenium basics; postman; sql; jira; system analysis,ออกแบบ Test Scenario และ Test Case จากเอกสารข้อกำหนดความต้องการ (SRS); ดำเนินการทดสอบระบบแบบ Functional Testing และ API Testing ด้วย Postman; บันทึกและติดตามข้อผิดพลาด (Defects/Bugs) บนระบบ Jira; สนับสนุนผู้ใช้งานในการทดสอบระบบรอบสุดท้าย (UAT),test cases; uat; manual testing; selenium basics; postman; sql; jira; system analysis,https://jobs.blognone.com
TH-TQF-8.6-001,Junior Software Engineer (นักพัฒนาซอฟต์แวร์และแอปพลิเคชัน),8.6,นักพัฒนาซอฟต์แวร์,Software Developer / Engineer,Bangkok Bank (IT Division),ขอนแก่น,ตามโครงสร้างองค์กร / ตามประสบการณ์,Entry-Level / เด็กจบใหม่ (0-1 ปี),0-1,python; java; c#; .net; javascript; react; node.js; sql; rest api; git; oop; unit testing; typescript,เขียนโค้ดพัฒนาเว็บแอปพลิเคชันและระบบประมวลผลฝั่งเซิร์ฟเวอร์; ออกแบบและเชื่อมต่อฐานข้อมูล SQL/NoSQL ผ่าน RESTful API; ร่วมทำ Code Review และเขียนชุดทดสอบ Unit Testing; ประยุกต์ใช้หลักการ OOP และ Clean Architecture,python; java; c#; .net; javascript; react; node.js; sql,https://jobs.blognone.com
TH-TQF-8.6-002,Full Stack Developer (นักพัฒนาเว็บแอปพลิเคชันแบบฟูลสแต็ก),8.6,นักพัฒนาซอฟต์แวร์,Software Developer / Engineer,CP All (IT Division),Remote (ทำงานจากที่บ้านทั่วไทย),ตามโครงสร้างองค์กร / ตามประสบการณ์,Entry-Level / เด็กจบใหม่ (0-2 ปี),0-2,react; node.js; typescript; javascript; postgresql; docker; git; tailwind; rest api; html5; css3,พัฒนาส่วนติดต่อผู้ใช้ (Frontend) และระบบบริการหลังบ้าน (Backend); ออกแบบและพัฒนา REST API และเชื่อมต่อฐานข้อมูล PostgreSQL; ติดตั้งและทดสอบระบบบนคอนเทนเนอร์ Docker; แก้ไขข้อผิดพลาดและปรับปรุงความเร็วของระบบ,react; node.js; typescript; javascript; postgresql; docker; git; tailwind,https://jobs.blognone.com
TH-TQF-8.6-003,.NET / C# Developer (นักพัฒนาซอฟต์แวร์ภาษา C# และ .NET),8.6,นักพัฒนาซอฟต์แวร์,Software Developer / Engineer,บริษัท ซอฟต์แวร์เฮาส์ชั้นนำในไทย,กรุงเทพมหานคร,ตามโครงสร้างองค์กร / ตามประสบการณ์,Entry-Level / เด็กจบใหม่ (0-2 ปี),0-2,c#; .net; asp.net core; sql server; entity framework; rest api; git; oop; linq; typescript,พัฒนาและบำรุงรักษาเว็บแอปพลิเคชันระบบองค์กรด้วย ASP.NET Core; ออกแบบฐานข้อมูล SQL Server และจัดการข้อมูลผ่าน Entity Framework; เขียนโค้ดตามมาตรฐาน OOP และ Design Patterns สากล; ร่วมวางแผนและประเมินเวลาการพัฒนาฟีเจอร์ใหม่,c#; .net; asp.net core; sql server; entity framework; rest api; git; oop,https://jobs.blognone.com
TH-TQF-8.6-004,Python Backend Developer (นักพัฒนาเว็บเซอร์วิสภาษา Python),8.6,นักพัฒนาซอฟต์แวร์,Software Developer / Engineer,True Digital Group,สมุทรปราการ,ตามโครงสร้างองค์กร / ตามประสบการณ์,Entry-Level / เด็กจบใหม่ (0-2 ปี),0-2,python; fastapi; django; postgresql; redis; docker; git; rest api; unit testing,พัฒนา RESTful API ประสิทธิภาพสูงด้วย FastAPI หรือ Django; เชื่อมต่อและจัดการแคชข้อมูลด้วย Redis และฐานข้อมูล PostgreSQL; เขียนสคริปต์ประมวลผลข้อมูลอัตโนมัติและจัดทำระบบคิว; ดูแลและปรับปรุงประสิทธิภาพของเซิร์ฟเวอร์,python; fastapi; django; postgresql; redis; docker; git; rest api,https://jobs.blognone.com
TH-TQF-8.6-005,Mobile Application Developer (นักพัฒนาแอปพลิเคชันบนมือถือ),8.6,นักพัฒนาซอฟต์แวร์,Software Developer / Engineer,PTT Digital Solutions,ชลบุรี (EEC),ตามโครงสร้างองค์กร / ตามประสบการณ์,Entry-Level / เด็กจบใหม่ (0-2 ปี),0-2,flutter; dart; react native; rest api; git; state management; mobile ui; firebase; c#,พัฒนาแอปพลิเคชันบนระบบ iOS และ Android ด้วยเฟรมเวิร์ก Flutter; เชื่อมต่อข้อมูลกับระบบหลังบ้านผ่าน REST API และ Firebase; ออกแบบและพัฒนาหน้าจอตามมาตรฐาน Mobile UX/UI; ทดสอบแอปพลิเคชันบนอุปกรณ์จริงและส่งขึ้น Store,flutter; dart; react native; rest api; git; state management; mobile ui; firebase,https://jobs.blognone.com
TH-TQF-8.6-006,Java / Spring Boot Developer (นักพัฒนาซอฟต์แวร์ระดับองค์กร),8.6,นักพัฒนาซอฟต์แวร์,Software Developer / Engineer,PromptNow Company Limited,กรุงเทพมหานคร,ตามโครงสร้างองค์กร / ตามประสบการณ์,Entry-Level / เด็กจบใหม่ (0-2 ปี),0-2,java; spring boot; sql; hibernate; microservices; docker; git; rest api; junit,พัฒนาไมโครเซอร์วิสและเว็บแอปพลิเคชันด้วย Java และ Spring Boot; ออกแบบและจัดการฐานข้อมูลความจุสูงด้วย MySQL/Oracle; เขียนชุดทดสอบ JUnit เพื่อควบคุมคุณภาพของซอฟต์แวร์; ร่วมออกแบบสถาปัตยกรรม Microservices กับทีมวิศวกร,java; spring boot; sql; hibernate; microservices; docker; git; rest api,https://jobs.blognone.com
TH-TQF-8.6-007,Junior Software Engineer (นักพัฒนาซอฟต์แวร์และแอปพลิเคชัน),8.6,นักพัฒนาซอฟต์แวร์,Software Developer / Engineer,ReadyPlanet Public Company Limited,นนทบุรี,ตามโครงสร้างองค์กร / ตามประสบการณ์,Entry-Level / เด็กจบใหม่ (0-1 ปี),0-1,python; java; c#; .net; javascript; react; node.js; sql; rest api; git; oop; unit testing; typescript,เขียนโค้ดพัฒนาเว็บแอปพลิเคชันและระบบประมวลผลฝั่งเซิร์ฟเวอร์; ออกแบบและเชื่อมต่อฐานข้อมูล SQL/NoSQL ผ่าน RESTful API; ร่วมทำ Code Review และเขียนชุดทดสอบ Unit Testing; ประยุกต์ใช้หลักการ OOP และ Clean Architecture,python; java; c#; .net; javascript; react; node.js; sql,https://jobs.blognone.com
TH-TQF-8.6-008,Full Stack Developer (นักพัฒนาเว็บแอปพลิเคชันแบบฟูลสแต็ก),8.6,นักพัฒนาซอฟต์แวร์,Software Developer / Engineer,Agoda Services (Bangkok),เชียงใหม่,ตามโครงสร้างองค์กร / ตามประสบการณ์,Entry-Level / เด็กจบใหม่ (0-2 ปี),0-2,react; node.js; typescript; javascript; postgresql; docker; git; tailwind; rest api; html5; css3,พัฒนาส่วนติดต่อผู้ใช้ (Frontend) และระบบบริการหลังบ้าน (Backend); ออกแบบและพัฒนา REST API และเชื่อมต่อฐานข้อมูล PostgreSQL; ติดตั้งและทดสอบระบบบนคอนเทนเนอร์ Docker; แก้ไขข้อผิดพลาดและปรับปรุงความเร็วของระบบ,react; node.js; typescript; javascript; postgresql; docker; git; tailwind,https://jobs.blognone.com
TH-TQF-8.6-009,.NET / C# Developer (นักพัฒนาซอฟต์แวร์ภาษา C# และ .NET),8.6,นักพัฒนาซอฟต์แวร์,Software Developer / Engineer,Bangkok Bank (IT Division),ภูเก็ต,ตามโครงสร้างองค์กร / ตามประสบการณ์,Entry-Level / เด็กจบใหม่ (0-2 ปี),0-2,c#; .net; asp.net core; sql server; entity framework; rest api; git; oop; linq; python,พัฒนาและบำรุงรักษาเว็บแอปพลิเคชันระบบองค์กรด้วย ASP.NET Core; ออกแบบฐานข้อมูล SQL Server และจัดการข้อมูลผ่าน Entity Framework; เขียนโค้ดตามมาตรฐาน OOP และ Design Patterns สากล; ร่วมวางแผนและประเมินเวลาการพัฒนาฟีเจอร์ใหม่,c#; .net; asp.net core; sql server; entity framework; rest api; git; oop,https://jobs.blognone.com
TH-TQF-8.6-010,Python Backend Developer (นักพัฒนาเว็บเซอร์วิสภาษา Python),8.6,นักพัฒนาซอฟต์แวร์,Software Developer / Engineer,CP All (IT Division),กรุงเทพมหานคร,ตามโครงสร้างองค์กร / ตามประสบการณ์,Entry-Level / เด็กจบใหม่ (0-2 ปี),0-2,python; fastapi; django; postgresql; redis; docker; git; rest api; unit testing,พัฒนา RESTful API ประสิทธิภาพสูงด้วย FastAPI หรือ Django; เชื่อมต่อและจัดการแคชข้อมูลด้วย Redis และฐานข้อมูล PostgreSQL; เขียนสคริปต์ประมวลผลข้อมูลอัตโนมัติและจัดทำระบบคิว; ดูแลและปรับปรุงประสิทธิภาพของเซิร์ฟเวอร์,python; fastapi; django; postgresql; redis; docker; git; rest api,https://jobs.blognone.com
TH-TQF-8.6-011,Mobile Application Developer (นักพัฒนาแอปพลิเคชันบนมือถือ),8.6,นักพัฒนาซอฟต์แวร์,Software Developer / Engineer,บริษัท ซอฟต์แวร์เฮาส์ชั้นนำในไทย,ปทุมธานี,ตามโครงสร้างองค์กร / ตามประสบการณ์,Entry-Level / เด็กจบใหม่ (0-2 ปี),0-2,flutter; dart; react native; rest api; git; state management; mobile ui; firebase; sql,พัฒนาแอปพลิเคชันบนระบบ iOS และ Android ด้วยเฟรมเวิร์ก Flutter; เชื่อมต่อข้อมูลกับระบบหลังบ้านผ่าน REST API และ Firebase; ออกแบบและพัฒนาหน้าจอตามมาตรฐาน Mobile UX/UI; ทดสอบแอปพลิเคชันบนอุปกรณ์จริงและส่งขึ้น Store,flutter; dart; react native; rest api; git; state management; mobile ui; firebase,https://jobs.blognone.com
TH-TQF-8.6-012,Java / Spring Boot Developer (นักพัฒนาซอฟต์แวร์ระดับองค์กร),8.6,นักพัฒนาซอฟต์แวร์,Software Developer / Engineer,True Digital Group,ขอนแก่น,ตามโครงสร้างองค์กร / ตามประสบการณ์,Entry-Level / เด็กจบใหม่ (0-2 ปี),0-2,java; spring boot; sql; hibernate; microservices; docker; git; rest api; junit,พัฒนาไมโครเซอร์วิสและเว็บแอปพลิเคชันด้วย Java และ Spring Boot; ออกแบบและจัดการฐานข้อมูลความจุสูงด้วย MySQL/Oracle; เขียนชุดทดสอบ JUnit เพื่อควบคุมคุณภาพของซอฟต์แวร์; ร่วมออกแบบสถาปัตยกรรม Microservices กับทีมวิศวกร,java; spring boot; sql; hibernate; microservices; docker; git; rest api,https://jobs.blognone.com
TH-TQF-8.6-013,Junior Software Engineer (นักพัฒนาซอฟต์แวร์และแอปพลิเคชัน),8.6,นักพัฒนาซอฟต์แวร์,Software Developer / Engineer,PTT Digital Solutions,Remote (ทำงานจากที่บ้านทั่วไทย),ตามโครงสร้างองค์กร / ตามประสบการณ์,Entry-Level / เด็กจบใหม่ (0-1 ปี),0-1,python; java; c#; .net; javascript; react; node.js; sql; rest api; git; oop; unit testing; docker,เขียนโค้ดพัฒนาเว็บแอปพลิเคชันและระบบประมวลผลฝั่งเซิร์ฟเวอร์; ออกแบบและเชื่อมต่อฐานข้อมูล SQL/NoSQL ผ่าน RESTful API; ร่วมทำ Code Review และเขียนชุดทดสอบ Unit Testing; ประยุกต์ใช้หลักการ OOP และ Clean Architecture,python; java; c#; .net; javascript; react; node.js; sql,https://jobs.blognone.com
TH-TQF-8.6-014,Full Stack Developer (นักพัฒนาเว็บแอปพลิเคชันแบบฟูลสแต็ก),8.6,นักพัฒนาซอฟต์แวร์,Software Developer / Engineer,PromptNow Company Limited,กรุงเทพมหานคร,ตามโครงสร้างองค์กร / ตามประสบการณ์,Entry-Level / เด็กจบใหม่ (0-2 ปี),0-2,react; node.js; typescript; javascript; postgresql; docker; git; tailwind; rest api; html5; css3,พัฒนาส่วนติดต่อผู้ใช้ (Frontend) และระบบบริการหลังบ้าน (Backend); ออกแบบและพัฒนา REST API และเชื่อมต่อฐานข้อมูล PostgreSQL; ติดตั้งและทดสอบระบบบนคอนเทนเนอร์ Docker; แก้ไขข้อผิดพลาดและปรับปรุงความเร็วของระบบ,react; node.js; typescript; javascript; postgresql; docker; git; tailwind,https://jobs.blognone.com
TH-TQF-8.6-015,.NET / C# Developer (นักพัฒนาซอฟต์แวร์ภาษา C# และ .NET),8.6,นักพัฒนาซอฟต์แวร์,Software Developer / Engineer,ReadyPlanet Public Company Limited,สมุทรปราการ,ตามโครงสร้างองค์กร / ตามประสบการณ์,Entry-Level / เด็กจบใหม่ (0-2 ปี),0-2,c#; .net; asp.net core; sql server; entity framework; rest api; git; oop; linq; typescript,พัฒนาและบำรุงรักษาเว็บแอปพลิเคชันระบบองค์กรด้วย ASP.NET Core; ออกแบบฐานข้อมูล SQL Server และจัดการข้อมูลผ่าน Entity Framework; เขียนโค้ดตามมาตรฐาน OOP และ Design Patterns สากล; ร่วมวางแผนและประเมินเวลาการพัฒนาฟีเจอร์ใหม่,c#; .net; asp.net core; sql server; entity framework; rest api; git; oop,https://jobs.blognone.com
TH-TQF-8.6-016,Python Backend Developer (นักพัฒนาเว็บเซอร์วิสภาษา Python),8.6,นักพัฒนาซอฟต์แวร์,Software Developer / Engineer,Agoda Services (Bangkok),ชลบุรี (EEC),ตามโครงสร้างองค์กร / ตามประสบการณ์,Entry-Level / เด็กจบใหม่ (0-2 ปี),0-2,python; fastapi; django; postgresql; redis; docker; git; rest api; unit testing,พัฒนา RESTful API ประสิทธิภาพสูงด้วย FastAPI หรือ Django; เชื่อมต่อและจัดการแคชข้อมูลด้วย Redis และฐานข้อมูล PostgreSQL; เขียนสคริปต์ประมวลผลข้อมูลอัตโนมัติและจัดทำระบบคิว; ดูแลและปรับปรุงประสิทธิภาพของเซิร์ฟเวอร์,python; fastapi; django; postgresql; redis; docker; git; rest api,https://jobs.blognone.com
TH-TQF-8.6-017,Mobile Application Developer (นักพัฒนาแอปพลิเคชันบนมือถือ),8.6,นักพัฒนาซอฟต์แวร์,Software Developer / Engineer,Bangkok Bank (IT Division),กรุงเทพมหานคร,ตามโครงสร้างองค์กร / ตามประสบการณ์,Entry-Level / เด็กจบใหม่ (0-2 ปี),0-2,flutter; dart; react native; rest api; git; state management; mobile ui; firebase; c#,พัฒนาแอปพลิเคชันบนระบบ iOS และ Android ด้วยเฟรมเวิร์ก Flutter; เชื่อมต่อข้อมูลกับระบบหลังบ้านผ่าน REST API และ Firebase; ออกแบบและพัฒนาหน้าจอตามมาตรฐาน Mobile UX/UI; ทดสอบแอปพลิเคชันบนอุปกรณ์จริงและส่งขึ้น Store,flutter; dart; react native; rest api; git; state management; mobile ui; firebase,https://jobs.blognone.com
TH-TQF-8.6-018,Java / Spring Boot Developer (นักพัฒนาซอฟต์แวร์ระดับองค์กร),8.6,นักพัฒนาซอฟต์แวร์,Software Developer / Engineer,CP All (IT Division),นนทบุรี,ตามโครงสร้างองค์กร / ตามประสบการณ์,Entry-Level / เด็กจบใหม่ (0-2 ปี),0-2,java; spring boot; sql; hibernate; microservices; docker; git; rest api; junit,พัฒนาไมโครเซอร์วิสและเว็บแอปพลิเคชันด้วย Java และ Spring Boot; ออกแบบและจัดการฐานข้อมูลความจุสูงด้วย MySQL/Oracle; เขียนชุดทดสอบ JUnit เพื่อควบคุมคุณภาพของซอฟต์แวร์; ร่วมออกแบบสถาปัตยกรรม Microservices กับทีมวิศวกร,java; spring boot; sql; hibernate; microservices; docker; git; rest api,https://jobs.blognone.com
TH-TQF-8.6-019,Junior Software Engineer (นักพัฒนาซอฟต์แวร์และแอปพลิเคชัน),8.6,นักพัฒนาซอฟต์แวร์,Software Developer / Engineer,บริษัท ซอฟต์แวร์เฮาส์ชั้นนำในไทย,เชียงใหม่,ตามโครงสร้างองค์กร / ตามประสบการณ์,Entry-Level / เด็กจบใหม่ (0-1 ปี),0-1,python; java; c#; .net; javascript; react; node.js; sql; rest api; git; oop; unit testing; typescript,เขียนโค้ดพัฒนาเว็บแอปพลิเคชันและระบบประมวลผลฝั่งเซิร์ฟเวอร์; ออกแบบและเชื่อมต่อฐานข้อมูล SQL/NoSQL ผ่าน RESTful API; ร่วมทำ Code Review และเขียนชุดทดสอบ Unit Testing; ประยุกต์ใช้หลักการ OOP และ Clean Architecture,python; java; c#; .net; javascript; react; node.js; sql,https://jobs.blognone.com
TH-TQF-8.6-020,Full Stack Developer (นักพัฒนาเว็บแอปพลิเคชันแบบฟูลสแต็ก),8.6,นักพัฒนาซอฟต์แวร์,Software Developer / Engineer,True Digital Group,ภูเก็ต,ตามโครงสร้างองค์กร / ตามประสบการณ์,Entry-Level / เด็กจบใหม่ (0-2 ปี),0-2,react; node.js; typescript; javascript; postgresql; docker; git; tailwind; rest api; html5; css3,พัฒนาส่วนติดต่อผู้ใช้ (Frontend) และระบบบริการหลังบ้าน (Backend); ออกแบบและพัฒนา REST API และเชื่อมต่อฐานข้อมูล PostgreSQL; ติดตั้งและทดสอบระบบบนคอนเทนเนอร์ Docker; แก้ไขข้อผิดพลาดและปรับปรุงความเร็วของระบบ,react; node.js; typescript; javascript; postgresql; docker; git; tailwind,https://jobs.blognone.com
TH-TQF-8.6-021,.NET / C# Developer (นักพัฒนาซอฟต์แวร์ภาษา C# และ .NET),8.6,นักพัฒนาซอฟต์แวร์,Software Developer / Engineer,PTT Digital Solutions,กรุงเทพมหานคร,ตามโครงสร้างองค์กร / ตามประสบการณ์,Entry-Level / เด็กจบใหม่ (0-2 ปี),0-2,c#; .net; asp.net core; sql server; entity framework; rest api; git; oop; linq; react,พัฒนาและบำรุงรักษาเว็บแอปพลิเคชันระบบองค์กรด้วย ASP.NET Core; ออกแบบฐานข้อมูล SQL Server และจัดการข้อมูลผ่าน Entity Framework; เขียนโค้ดตามมาตรฐาน OOP และ Design Patterns สากล; ร่วมวางแผนและประเมินเวลาการพัฒนาฟีเจอร์ใหม่,c#; .net; asp.net core; sql server; entity framework; rest api; git; oop,https://jobs.blognone.com
TH-TQF-8.6-022,Python Backend Developer (นักพัฒนาเว็บเซอร์วิสภาษา Python),8.6,นักพัฒนาซอฟต์แวร์,Software Developer / Engineer,PromptNow Company Limited,ปทุมธานี,ตามโครงสร้างองค์กร / ตามประสบการณ์,Entry-Level / เด็กจบใหม่ (0-2 ปี),0-2,python; fastapi; django; postgresql; redis; docker; git; rest api; unit testing,พัฒนา RESTful API ประสิทธิภาพสูงด้วย FastAPI หรือ Django; เชื่อมต่อและจัดการแคชข้อมูลด้วย Redis และฐานข้อมูล PostgreSQL; เขียนสคริปต์ประมวลผลข้อมูลอัตโนมัติและจัดทำระบบคิว; ดูแลและปรับปรุงประสิทธิภาพของเซิร์ฟเวอร์,python; fastapi; django; postgresql; redis; docker; git; rest api,https://jobs.blognone.com
TH-TQF-8.6-023,Mobile Application Developer (นักพัฒนาแอปพลิเคชันบนมือถือ),8.6,นักพัฒนาซอฟต์แวร์,Software Developer / Engineer,ReadyPlanet Public Company Limited,ขอนแก่น,ตามโครงสร้างองค์กร / ตามประสบการณ์,Entry-Level / เด็กจบใหม่ (0-2 ปี),0-2,flutter; dart; react native; rest api; git; state management; mobile ui; firebase; java,พัฒนาแอปพลิเคชันบนระบบ iOS และ Android ด้วยเฟรมเวิร์ก Flutter; เชื่อมต่อข้อมูลกับระบบหลังบ้านผ่าน REST API และ Firebase; ออกแบบและพัฒนาหน้าจอตามมาตรฐาน Mobile UX/UI; ทดสอบแอปพลิเคชันบนอุปกรณ์จริงและส่งขึ้น Store,flutter; dart; react native; rest api; git; state management; mobile ui; firebase,https://jobs.blognone.com
TH-TQF-8.6-024,Java / Spring Boot Developer (นักพัฒนาซอฟต์แวร์ระดับองค์กร),8.6,นักพัฒนาซอฟต์แวร์,Software Developer / Engineer,Agoda Services (Bangkok),Remote (ทำงานจากที่บ้านทั่วไทย),ตามโครงสร้างองค์กร / ตามประสบการณ์,Entry-Level / เด็กจบใหม่ (0-2 ปี),0-2,java; spring boot; sql; hibernate; microservices; docker; git; rest api; junit,พัฒนาไมโครเซอร์วิสและเว็บแอปพลิเคชันด้วย Java และ Spring Boot; ออกแบบและจัดการฐานข้อมูลความจุสูงด้วย MySQL/Oracle; เขียนชุดทดสอบ JUnit เพื่อควบคุมคุณภาพของซอฟต์แวร์; ร่วมออกแบบสถาปัตยกรรม Microservices กับทีมวิศวกร,java; spring boot; sql; hibernate; microservices; docker; git; rest api,https://jobs.blognone.com
TH-TQF-8.6-025,Junior Software Engineer (นักพัฒนาซอฟต์แวร์และแอปพลิเคชัน),8.6,นักพัฒนาซอฟต์แวร์,Software Developer / Engineer,Bangkok Bank (IT Division),กรุงเทพมหานคร,ตามโครงสร้างองค์กร / ตามประสบการณ์,Entry-Level / เด็กจบใหม่ (0-1 ปี),0-1,python; java; c#; .net; javascript; react; node.js; sql; rest api; git; oop; unit testing; docker,เขียนโค้ดพัฒนาเว็บแอปพลิเคชันและระบบประมวลผลฝั่งเซิร์ฟเวอร์; ออกแบบและเชื่อมต่อฐานข้อมูล SQL/NoSQL ผ่าน RESTful API; ร่วมทำ Code Review และเขียนชุดทดสอบ Unit Testing; ประยุกต์ใช้หลักการ OOP และ Clean Architecture,python; java; c#; .net; javascript; react; node.js; sql,https://jobs.blognone.com
TH-TQF-8.6-026,Full Stack Developer (นักพัฒนาเว็บแอปพลิเคชันแบบฟูลสแต็ก),8.6,นักพัฒนาซอฟต์แวร์,Software Developer / Engineer,CP All (IT Division),สมุทรปราการ,ตามโครงสร้างองค์กร / ตามประสบการณ์,Entry-Level / เด็กจบใหม่ (0-2 ปี),0-2,react; node.js; typescript; javascript; postgresql; docker; git; tailwind; rest api; html5; css3,พัฒนาส่วนติดต่อผู้ใช้ (Frontend) และระบบบริการหลังบ้าน (Backend); ออกแบบและพัฒนา REST API และเชื่อมต่อฐานข้อมูล PostgreSQL; ติดตั้งและทดสอบระบบบนคอนเทนเนอร์ Docker; แก้ไขข้อผิดพลาดและปรับปรุงความเร็วของระบบ,react; node.js; typescript; javascript; postgresql; docker; git; tailwind,https://jobs.blognone.com
TH-TQF-8.6-027,.NET / C# Developer (นักพัฒนาซอฟต์แวร์ภาษา C# และ .NET),8.6,นักพัฒนาซอฟต์แวร์,Software Developer / Engineer,บริษัท ซอฟต์แวร์เฮาส์ชั้นนำในไทย,ชลบุรี (EEC),ตามโครงสร้างองค์กร / ตามประสบการณ์,Entry-Level / เด็กจบใหม่ (0-2 ปี),0-2,c#; .net; asp.net core; sql server; entity framework; rest api; git; oop; linq; typescript,พัฒนาและบำรุงรักษาเว็บแอปพลิเคชันระบบองค์กรด้วย ASP.NET Core; ออกแบบฐานข้อมูล SQL Server และจัดการข้อมูลผ่าน Entity Framework; เขียนโค้ดตามมาตรฐาน OOP และ Design Patterns สากล; ร่วมวางแผนและประเมินเวลาการพัฒนาฟีเจอร์ใหม่,c#; .net; asp.net core; sql server; entity framework; rest api; git; oop,https://jobs.blognone.com
TH-TQF-8.6-028,Python Backend Developer (นักพัฒนาเว็บเซอร์วิสภาษา Python),8.6,นักพัฒนาซอฟต์แวร์,Software Developer / Engineer,True Digital Group,กรุงเทพมหานคร,ตามโครงสร้างองค์กร / ตามประสบการณ์,Entry-Level / เด็กจบใหม่ (0-2 ปี),0-2,python; fastapi; django; postgresql; redis; docker; git; rest api; unit testing,พัฒนา RESTful API ประสิทธิภาพสูงด้วย FastAPI หรือ Django; เชื่อมต่อและจัดการแคชข้อมูลด้วย Redis และฐานข้อมูล PostgreSQL; เขียนสคริปต์ประมวลผลข้อมูลอัตโนมัติและจัดทำระบบคิว; ดูแลและปรับปรุงประสิทธิภาพของเซิร์ฟเวอร์,python; fastapi; django; postgresql; redis; docker; git; rest api,https://jobs.blognone.com
TH-TQF-8.6-029,Mobile Application Developer (นักพัฒนาแอปพลิเคชันบนมือถือ),8.6,นักพัฒนาซอฟต์แวร์,Software Developer / Engineer,PTT Digital Solutions,นนทบุรี,ตามโครงสร้างองค์กร / ตามประสบการณ์,Entry-Level / เด็กจบใหม่ (0-2 ปี),0-2,flutter; dart; react native; rest api; git; state management; mobile ui; firebase; sql,พัฒนาแอปพลิเคชันบนระบบ iOS และ Android ด้วยเฟรมเวิร์ก Flutter; เชื่อมต่อข้อมูลกับระบบหลังบ้านผ่าน REST API และ Firebase; ออกแบบและพัฒนาหน้าจอตามมาตรฐาน Mobile UX/UI; ทดสอบแอปพลิเคชันบนอุปกรณ์จริงและส่งขึ้น Store,flutter; dart; react native; rest api; git; state management; mobile ui; firebase,https://jobs.blognone.com
TH-TQF-8.6-030,Java / Spring Boot Developer (นักพัฒนาซอฟต์แวร์ระดับองค์กร),8.6,นักพัฒนาซอฟต์แวร์,Software Developer / Engineer,PromptNow Company Limited,เชียงใหม่,ตามโครงสร้างองค์กร / ตามประสบการณ์,Entry-Level / เด็กจบใหม่ (0-2 ปี),0-2,java; spring boot; sql; hibernate; microservices; docker; git; rest api; junit,พัฒนาไมโครเซอร์วิสและเว็บแอปพลิเคชันด้วย Java และ Spring Boot; ออกแบบและจัดการฐานข้อมูลความจุสูงด้วย MySQL/Oracle; เขียนชุดทดสอบ JUnit เพื่อควบคุมคุณภาพของซอฟต์แวร์; ร่วมออกแบบสถาปัตยกรรม Microservices กับทีมวิศวกร,java; spring boot; sql; hibernate; microservices; docker; git; rest api,https://jobs.blognone.com
TH-TQF-8.7-001,Web Developer (นักพัฒนาและออกแบบเว็บไซต์),8.7,นักออกแบบและพัฒนาเว็บไซต์,Web Designer & Developer,AIS (Advanced Info Service),ปทุมธานี,ตามโครงสร้างองค์กร / ตามประสบการณ์,Entry-Level / เด็กจบใหม่ (0-1 ปี),0-1,html5; css3; javascript; responsive web design; tailwind; bootstrap; php; mysql; wordpress; git; rest api,พัฒนาเว็บไซต์และเว็บแอปพลิเคชันให้แสดงผลสวยงามบนทุกอุปกรณ์ (Responsive); พัฒนาธีมและปลั๊กอินบนระบบ WordPress หรือเว็บเฟรมเวิร์ก; เชื่อมต่อส่วนหน้าบ้านเข้ากับฐานข้อมูล MySQL และ REST API; ปรับแต่งความเร็วเว็บไซต์ (Web Performance Optimization),html5; css3; javascript; responsive web design; tailwind; bootstrap; php; mysql,https://jobs.blognone.com
TH-TQF-8.7-002,Frontend Web Developer (นักพัฒนาส่วนติดต่อผู้ใช้บนเว็บไซต์),8.7,นักออกแบบและพัฒนาเว็บไซต์,Web Designer & Developer,Siam Commercial Bank,ขอนแก่น,ตามโครงสร้างองค์กร / ตามประสบการณ์,Entry-Level / เด็กจบใหม่ (0-2 ปี),0-2,html5; css3; javascript; typescript; react; tailwind; responsive design; git; vite; web api,พัฒนาส่วนติดต่อผู้ใช้ (UI) บนเว็บเบราว์เซอร์ด้วย React และ Tailwind CSS; เชื่อมต่อข้อมูลกับ REST API ฝั่งเซิร์ฟเวอร์แบบ Asynchronous; ปรับปรุงความเร็วในการโหลดหน้าเว็บและประสิทธิภาพการเรนเดอร์; ดูแลการแสดงผลให้รองรับเว็บเบราว์เซอร์หลักทุกตัว (Cross-browser),html5; css3; javascript; typescript; react; tailwind; responsive design; git,https://jobs.blognone.com
TH-TQF-8.7-003,WordPress & CMS Web Developer (นักพัฒนาเว็บไซต์ระบบ CMS),8.7,นักออกแบบและพัฒนาเว็บไซต์,Web Designer & Developer,CJ Express Group (Technology Center),Remote (ทำงานจากที่บ้านทั่วไทย),ตามโครงสร้างองค์กร / ตามประสบการณ์,Entry-Level / เด็กจบใหม่ (0-1 ปี),0-1,wordpress; php; mysql; html5; css3; javascript; elementor; seo basics; web security; responsive web design,ออกแบบและจัดทำเว็บไซต์องค์กรและเว็บอีคอมเมิร์ซด้วย WordPress; พัฒนา Custom Theme และปรับแต่งฟังก์ชันด้วยภาษา PHP และ MySQL; ดูแลความปลอดภัยของเว็บไซต์ อัปเดตปลั๊กอิน และสำรองข้อมูล; ปรับปรุงโครงสร้างเว็บไซต์ตามหลักการ SEO,wordpress; php; mysql; html5; css3; javascript; elementor; seo basics,https://jobs.blognone.com
TH-TQF-8.7-004,Web Designer & UI Creator (นักออกแบบและจัดทำหน้าเว็บไซต์),8.7,นักออกแบบและพัฒนาเว็บไซต์,Web Designer & Developer,SCB TechX,กรุงเทพมหานคร,ตามโครงสร้างองค์กร / ตามประสบการณ์,Entry-Level / เด็กจบใหม่ (0-1 ปี),0-1,figma; ui/ux; html5; css3; javascript; responsive web design; bootstrap; photoshop; wireframing,ออกแบบโครงร่างหน้าเว็บ (Layout/Wireframe) และดีไซน์หน้าจอด้วย Figma; แปลงงานดีไซน์เป็นหน้าเว็บไซต์ที่รองรับมือถือและแท็บเล็ต; สร้างสรรค์แบนเนอร์และภาพประกอบที่ดึงดูดสายตาผู้ใช้งาน; ตรวจสอบและปรับปรุงความง่ายในการนำทางบนเว็บไซต์ (Navigation),figma; ui/ux; html5; css3; javascript; responsive web design; bootstrap; photoshop,https://jobs.blognone.com
TH-TQF-8.7-005,Junior Full Stack Web Developer (นักพัฒนาเว็บไซต์ฟูลสแต็ก),8.7,นักออกแบบและพัฒนาเว็บไซต์,Web Designer & Developer,Bitkub Online,สมุทรปราการ,ตามโครงสร้างองค์กร / ตามประสบการณ์,Entry-Level / เด็กจบใหม่ (0-2 ปี),0-2,php; laravel; javascript; vue; mysql; html5; css3; rest api; git; bootstrap; responsive web design,พัฒนาเว็บแอปพลิเคชันแบบครบวงจรด้วยเฟรมเวิร์ก Laravel และ Vue.js; ออกแบบและจัดการฐานข้อมูล MySQL พร้อมเชื่อมโยงตารางข้อมูล; สร้างระบบยืนยันตัวตน (Authentication) และการจัดการสิทธิ์; ดูแลและปรับปรุงฟังก์ชันการทำงานของเว็บไซต์ตามความต้องการ,php; laravel; javascript; vue; mysql; html5; css3; rest api,https://jobs.blognone.com
TH-TQF-8.7-006,E-Commerce Web Specialist (ผู้เชี่ยวชาญการพัฒนาเว็บไซต์พาณิชย์อิเล็กทรอนิกส์),8.7,นักออกแบบและพัฒนาเว็บไซต์,Web Designer & Developer,G-Able Public Company Limited,ชลบุรี (EEC),ตามโครงสร้างองค์กร / ตามประสบการณ์,Entry-Level / เด็กจบใหม่ (0-2 ปี),0-2,html5; css3; javascript; woocommerce; shopify; payment gateway; php; mysql; analytics,"พัฒนาและดูแลระบบร้านค้าออนไลน์ (E-Commerce) และระบบชำระเงิน; เชื่อมต่อระบบ Payment Gateway, ขนส่ง, และสต็อกสินค้า; ปรับแต่งหน้าสั่งซื้อสินค้าเพื่อเพิ่มอัตราการสั่งซื้อ (Conversion Rate); วิเคราะห์สถิติผู้เข้าชมเว็บไซต์และจัดทำรายงานยอดขาย",html5; css3; javascript; woocommerce; shopify; payment gateway; php; mysql,https://jobs.blognone.com
TH-TQF-8.7-007,Web Developer (นักพัฒนาและออกแบบเว็บไซต์),8.7,นักออกแบบและพัฒนาเว็บไซต์,Web Designer & Developer,Internet Thailand (INET),กรุงเทพมหานคร,ตามโครงสร้างองค์กร / ตามประสบการณ์,Entry-Level / เด็กจบใหม่ (0-1 ปี),0-1,html5; css3; javascript; responsive web design; tailwind; bootstrap; php; mysql; wordpress; git; rest api,พัฒนาเว็บไซต์และเว็บแอปพลิเคชันให้แสดงผลสวยงามบนทุกอุปกรณ์ (Responsive); พัฒนาธีมและปลั๊กอินบนระบบ WordPress หรือเว็บเฟรมเวิร์ก; เชื่อมต่อส่วนหน้าบ้านเข้ากับฐานข้อมูล MySQL และ REST API; ปรับแต่งความเร็วเว็บไซต์ (Web Performance Optimization),html5; css3; javascript; responsive web design; tailwind; bootstrap; php; mysql,https://jobs.blognone.com
TH-TQF-8.7-008,Frontend Web Developer (นักพัฒนาส่วนติดต่อผู้ใช้บนเว็บไซต์),8.7,นักออกแบบและพัฒนาเว็บไซต์,Web Designer & Developer,Wisesight (Thailand),นนทบุรี,ตามโครงสร้างองค์กร / ตามประสบการณ์,Entry-Level / เด็กจบใหม่ (0-2 ปี),0-2,html5; css3; javascript; typescript; react; tailwind; responsive design; git; vite; web api,พัฒนาส่วนติดต่อผู้ใช้ (UI) บนเว็บเบราว์เซอร์ด้วย React และ Tailwind CSS; เชื่อมต่อข้อมูลกับ REST API ฝั่งเซิร์ฟเวอร์แบบ Asynchronous; ปรับปรุงความเร็วในการโหลดหน้าเว็บและประสิทธิภาพการเรนเดอร์; ดูแลการแสดงผลให้รองรับเว็บเบราว์เซอร์หลักทุกตัว (Cross-browser),html5; css3; javascript; typescript; react; tailwind; responsive design; git,https://jobs.blognone.com
TH-TQF-8.7-009,WordPress & CMS Web Developer (นักพัฒนาเว็บไซต์ระบบ CMS),8.7,นักออกแบบและพัฒนาเว็บไซต์,Web Designer & Developer,AIS (Advanced Info Service),เชียงใหม่,ตามโครงสร้างองค์กร / ตามประสบการณ์,Entry-Level / เด็กจบใหม่ (0-1 ปี),0-1,wordpress; php; mysql; html5; css3; javascript; elementor; seo basics; web security; tailwind,ออกแบบและจัดทำเว็บไซต์องค์กรและเว็บอีคอมเมิร์ซด้วย WordPress; พัฒนา Custom Theme และปรับแต่งฟังก์ชันด้วยภาษา PHP และ MySQL; ดูแลความปลอดภัยของเว็บไซต์ อัปเดตปลั๊กอิน และสำรองข้อมูล; ปรับปรุงโครงสร้างเว็บไซต์ตามหลักการ SEO,wordpress; php; mysql; html5; css3; javascript; elementor; seo basics,https://jobs.blognone.com
TH-TQF-8.7-010,Web Designer & UI Creator (นักออกแบบและจัดทำหน้าเว็บไซต์),8.7,นักออกแบบและพัฒนาเว็บไซต์,Web Designer & Developer,Siam Commercial Bank,ภูเก็ต,ตามโครงสร้างองค์กร / ตามประสบการณ์,Entry-Level / เด็กจบใหม่ (0-1 ปี),0-1,figma; ui/ux; html5; css3; javascript; responsive web design; bootstrap; photoshop; wireframing,ออกแบบโครงร่างหน้าเว็บ (Layout/Wireframe) และดีไซน์หน้าจอด้วย Figma; แปลงงานดีไซน์เป็นหน้าเว็บไซต์ที่รองรับมือถือและแท็บเล็ต; สร้างสรรค์แบนเนอร์และภาพประกอบที่ดึงดูดสายตาผู้ใช้งาน; ตรวจสอบและปรับปรุงความง่ายในการนำทางบนเว็บไซต์ (Navigation),figma; ui/ux; html5; css3; javascript; responsive web design; bootstrap; photoshop,https://jobs.blognone.com
TH-TQF-8.7-011,Junior Full Stack Web Developer (นักพัฒนาเว็บไซต์ฟูลสแต็ก),8.7,นักออกแบบและพัฒนาเว็บไซต์,Web Designer & Developer,CJ Express Group (Technology Center),กรุงเทพมหานคร,ตามโครงสร้างองค์กร / ตามประสบการณ์,Entry-Level / เด็กจบใหม่ (0-2 ปี),0-2,php; laravel; javascript; vue; mysql; html5; css3; rest api; git; bootstrap; tailwind,พัฒนาเว็บแอปพลิเคชันแบบครบวงจรด้วยเฟรมเวิร์ก Laravel และ Vue.js; ออกแบบและจัดการฐานข้อมูล MySQL พร้อมเชื่อมโยงตารางข้อมูล; สร้างระบบยืนยันตัวตน (Authentication) และการจัดการสิทธิ์; ดูแลและปรับปรุงฟังก์ชันการทำงานของเว็บไซต์ตามความต้องการ,php; laravel; javascript; vue; mysql; html5; css3; rest api,https://jobs.blognone.com
TH-TQF-8.7-012,E-Commerce Web Specialist (ผู้เชี่ยวชาญการพัฒนาเว็บไซต์พาณิชย์อิเล็กทรอนิกส์),8.7,นักออกแบบและพัฒนาเว็บไซต์,Web Designer & Developer,SCB TechX,ปทุมธานี,ตามโครงสร้างองค์กร / ตามประสบการณ์,Entry-Level / เด็กจบใหม่ (0-2 ปี),0-2,html5; css3; javascript; woocommerce; shopify; payment gateway; php; mysql; analytics,"พัฒนาและดูแลระบบร้านค้าออนไลน์ (E-Commerce) และระบบชำระเงิน; เชื่อมต่อระบบ Payment Gateway, ขนส่ง, และสต็อกสินค้า; ปรับแต่งหน้าสั่งซื้อสินค้าเพื่อเพิ่มอัตราการสั่งซื้อ (Conversion Rate); วิเคราะห์สถิติผู้เข้าชมเว็บไซต์และจัดทำรายงานยอดขาย",html5; css3; javascript; woocommerce; shopify; payment gateway; php; mysql,https://jobs.blognone.com
TH-TQF-8.7-013,Web Developer (นักพัฒนาและออกแบบเว็บไซต์),8.7,นักออกแบบและพัฒนาเว็บไซต์,Web Designer & Developer,Bitkub Online,ขอนแก่น,ตามโครงสร้างองค์กร / ตามประสบการณ์,Entry-Level / เด็กจบใหม่ (0-1 ปี),0-1,html5; css3; javascript; responsive web design; tailwind; bootstrap; php; mysql; wordpress; git; rest api,พัฒนาเว็บไซต์และเว็บแอปพลิเคชันให้แสดงผลสวยงามบนทุกอุปกรณ์ (Responsive); พัฒนาธีมและปลั๊กอินบนระบบ WordPress หรือเว็บเฟรมเวิร์ก; เชื่อมต่อส่วนหน้าบ้านเข้ากับฐานข้อมูล MySQL และ REST API; ปรับแต่งความเร็วเว็บไซต์ (Web Performance Optimization),html5; css3; javascript; responsive web design; tailwind; bootstrap; php; mysql,https://jobs.blognone.com
TH-TQF-8.7-014,Frontend Web Developer (นักพัฒนาส่วนติดต่อผู้ใช้บนเว็บไซต์),8.7,นักออกแบบและพัฒนาเว็บไซต์,Web Designer & Developer,G-Able Public Company Limited,Remote (ทำงานจากที่บ้านทั่วไทย),ตามโครงสร้างองค์กร / ตามประสบการณ์,Entry-Level / เด็กจบใหม่ (0-2 ปี),0-2,html5; css3; javascript; typescript; react; tailwind; responsive design; git; vite; web api,พัฒนาส่วนติดต่อผู้ใช้ (UI) บนเว็บเบราว์เซอร์ด้วย React และ Tailwind CSS; เชื่อมต่อข้อมูลกับ REST API ฝั่งเซิร์ฟเวอร์แบบ Asynchronous; ปรับปรุงความเร็วในการโหลดหน้าเว็บและประสิทธิภาพการเรนเดอร์; ดูแลการแสดงผลให้รองรับเว็บเบราว์เซอร์หลักทุกตัว (Cross-browser),html5; css3; javascript; typescript; react; tailwind; responsive design; git,https://jobs.blognone.com
TH-TQF-8.7-015,WordPress & CMS Web Developer (นักพัฒนาเว็บไซต์ระบบ CMS),8.7,นักออกแบบและพัฒนาเว็บไซต์,Web Designer & Developer,Internet Thailand (INET),กรุงเทพมหานคร,ตามโครงสร้างองค์กร / ตามประสบการณ์,Entry-Level / เด็กจบใหม่ (0-1 ปี),0-1,wordpress; php; mysql; html5; css3; javascript; elementor; seo basics; web security; bootstrap,ออกแบบและจัดทำเว็บไซต์องค์กรและเว็บอีคอมเมิร์ซด้วย WordPress; พัฒนา Custom Theme และปรับแต่งฟังก์ชันด้วยภาษา PHP และ MySQL; ดูแลความปลอดภัยของเว็บไซต์ อัปเดตปลั๊กอิน และสำรองข้อมูล; ปรับปรุงโครงสร้างเว็บไซต์ตามหลักการ SEO,wordpress; php; mysql; html5; css3; javascript; elementor; seo basics,https://jobs.blognone.com
TH-TQF-8.7-016,Web Designer & UI Creator (นักออกแบบและจัดทำหน้าเว็บไซต์),8.7,นักออกแบบและพัฒนาเว็บไซต์,Web Designer & Developer,Wisesight (Thailand),สมุทรปราการ,ตามโครงสร้างองค์กร / ตามประสบการณ์,Entry-Level / เด็กจบใหม่ (0-1 ปี),0-1,figma; ui/ux; html5; css3; javascript; responsive web design; bootstrap; photoshop; wireframing,ออกแบบโครงร่างหน้าเว็บ (Layout/Wireframe) และดีไซน์หน้าจอด้วย Figma; แปลงงานดีไซน์เป็นหน้าเว็บไซต์ที่รองรับมือถือและแท็บเล็ต; สร้างสรรค์แบนเนอร์และภาพประกอบที่ดึงดูดสายตาผู้ใช้งาน; ตรวจสอบและปรับปรุงความง่ายในการนำทางบนเว็บไซต์ (Navigation),figma; ui/ux; html5; css3; javascript; responsive web design; bootstrap; photoshop,https://jobs.blognone.com
TH-TQF-8.7-017,Junior Full Stack Web Developer (นักพัฒนาเว็บไซต์ฟูลสแต็ก),8.7,นักออกแบบและพัฒนาเว็บไซต์,Web Designer & Developer,AIS (Advanced Info Service),ชลบุรี (EEC),ตามโครงสร้างองค์กร / ตามประสบการณ์,Entry-Level / เด็กจบใหม่ (0-2 ปี),0-2,php; laravel; javascript; vue; mysql; html5; css3; rest api; git; bootstrap; tailwind,พัฒนาเว็บแอปพลิเคชันแบบครบวงจรด้วยเฟรมเวิร์ก Laravel และ Vue.js; ออกแบบและจัดการฐานข้อมูล MySQL พร้อมเชื่อมโยงตารางข้อมูล; สร้างระบบยืนยันตัวตน (Authentication) และการจัดการสิทธิ์; ดูแลและปรับปรุงฟังก์ชันการทำงานของเว็บไซต์ตามความต้องการ,php; laravel; javascript; vue; mysql; html5; css3; rest api,https://jobs.blognone.com
TH-TQF-8.7-018,E-Commerce Web Specialist (ผู้เชี่ยวชาญการพัฒนาเว็บไซต์พาณิชย์อิเล็กทรอนิกส์),8.7,นักออกแบบและพัฒนาเว็บไซต์,Web Designer & Developer,Siam Commercial Bank,กรุงเทพมหานคร,ตามโครงสร้างองค์กร / ตามประสบการณ์,Entry-Level / เด็กจบใหม่ (0-2 ปี),0-2,html5; css3; javascript; woocommerce; shopify; payment gateway; php; mysql; analytics,"พัฒนาและดูแลระบบร้านค้าออนไลน์ (E-Commerce) และระบบชำระเงิน; เชื่อมต่อระบบ Payment Gateway, ขนส่ง, และสต็อกสินค้า; ปรับแต่งหน้าสั่งซื้อสินค้าเพื่อเพิ่มอัตราการสั่งซื้อ (Conversion Rate); วิเคราะห์สถิติผู้เข้าชมเว็บไซต์และจัดทำรายงานยอดขาย",html5; css3; javascript; woocommerce; shopify; payment gateway; php; mysql,https://jobs.blognone.com
TH-TQF-8.7-019,Web Developer (นักพัฒนาและออกแบบเว็บไซต์),8.7,นักออกแบบและพัฒนาเว็บไซต์,Web Designer & Developer,CJ Express Group (Technology Center),นนทบุรี,ตามโครงสร้างองค์กร / ตามประสบการณ์,Entry-Level / เด็กจบใหม่ (0-1 ปี),0-1,html5; css3; javascript; responsive web design; tailwind; bootstrap; php; mysql; wordpress; git; rest api,พัฒนาเว็บไซต์และเว็บแอปพลิเคชันให้แสดงผลสวยงามบนทุกอุปกรณ์ (Responsive); พัฒนาธีมและปลั๊กอินบนระบบ WordPress หรือเว็บเฟรมเวิร์ก; เชื่อมต่อส่วนหน้าบ้านเข้ากับฐานข้อมูล MySQL และ REST API; ปรับแต่งความเร็วเว็บไซต์ (Web Performance Optimization),html5; css3; javascript; responsive web design; tailwind; bootstrap; php; mysql,https://jobs.blognone.com
TH-TQF-8.7-020,Frontend Web Developer (นักพัฒนาส่วนติดต่อผู้ใช้บนเว็บไซต์),8.7,นักออกแบบและพัฒนาเว็บไซต์,Web Designer & Developer,SCB TechX,เชียงใหม่,ตามโครงสร้างองค์กร / ตามประสบการณ์,Entry-Level / เด็กจบใหม่ (0-2 ปี),0-2,html5; css3; javascript; typescript; react; tailwind; responsive design; git; vite; web api,พัฒนาส่วนติดต่อผู้ใช้ (UI) บนเว็บเบราว์เซอร์ด้วย React และ Tailwind CSS; เชื่อมต่อข้อมูลกับ REST API ฝั่งเซิร์ฟเวอร์แบบ Asynchronous; ปรับปรุงความเร็วในการโหลดหน้าเว็บและประสิทธิภาพการเรนเดอร์; ดูแลการแสดงผลให้รองรับเว็บเบราว์เซอร์หลักทุกตัว (Cross-browser),html5; css3; javascript; typescript; react; tailwind; responsive design; git,https://jobs.blognone.com
TH-TQF-8.7-021,WordPress & CMS Web Developer (นักพัฒนาเว็บไซต์ระบบ CMS),8.7,นักออกแบบและพัฒนาเว็บไซต์,Web Designer & Developer,Bitkub Online,ภูเก็ต,ตามโครงสร้างองค์กร / ตามประสบการณ์,Entry-Level / เด็กจบใหม่ (0-1 ปี),0-1,wordpress; php; mysql; html5; css3; javascript; elementor; seo basics; web security; bootstrap,ออกแบบและจัดทำเว็บไซต์องค์กรและเว็บอีคอมเมิร์ซด้วย WordPress; พัฒนา Custom Theme และปรับแต่งฟังก์ชันด้วยภาษา PHP และ MySQL; ดูแลความปลอดภัยของเว็บไซต์ อัปเดตปลั๊กอิน และสำรองข้อมูล; ปรับปรุงโครงสร้างเว็บไซต์ตามหลักการ SEO,wordpress; php; mysql; html5; css3; javascript; elementor; seo basics,https://jobs.blognone.com
TH-TQF-8.7-022,Web Designer & UI Creator (นักออกแบบและจัดทำหน้าเว็บไซต์),8.7,นักออกแบบและพัฒนาเว็บไซต์,Web Designer & Developer,G-Able Public Company Limited,กรุงเทพมหานคร,ตามโครงสร้างองค์กร / ตามประสบการณ์,Entry-Level / เด็กจบใหม่ (0-1 ปี),0-1,figma; ui/ux; html5; css3; javascript; responsive web design; bootstrap; photoshop; wireframing,ออกแบบโครงร่างหน้าเว็บ (Layout/Wireframe) และดีไซน์หน้าจอด้วย Figma; แปลงงานดีไซน์เป็นหน้าเว็บไซต์ที่รองรับมือถือและแท็บเล็ต; สร้างสรรค์แบนเนอร์และภาพประกอบที่ดึงดูดสายตาผู้ใช้งาน; ตรวจสอบและปรับปรุงความง่ายในการนำทางบนเว็บไซต์ (Navigation),figma; ui/ux; html5; css3; javascript; responsive web design; bootstrap; photoshop,https://jobs.blognone.com
TH-TQF-8.7-023,Junior Full Stack Web Developer (นักพัฒนาเว็บไซต์ฟูลสแต็ก),8.7,นักออกแบบและพัฒนาเว็บไซต์,Web Designer & Developer,Internet Thailand (INET),ปทุมธานี,ตามโครงสร้างองค์กร / ตามประสบการณ์,Entry-Level / เด็กจบใหม่ (0-2 ปี),0-2,php; laravel; javascript; vue; mysql; html5; css3; rest api; git; bootstrap; responsive web design,พัฒนาเว็บแอปพลิเคชันแบบครบวงจรด้วยเฟรมเวิร์ก Laravel และ Vue.js; ออกแบบและจัดการฐานข้อมูล MySQL พร้อมเชื่อมโยงตารางข้อมูล; สร้างระบบยืนยันตัวตน (Authentication) และการจัดการสิทธิ์; ดูแลและปรับปรุงฟังก์ชันการทำงานของเว็บไซต์ตามความต้องการ,php; laravel; javascript; vue; mysql; html5; css3; rest api,https://jobs.blognone.com
TH-TQF-8.7-024,E-Commerce Web Specialist (ผู้เชี่ยวชาญการพัฒนาเว็บไซต์พาณิชย์อิเล็กทรอนิกส์),8.7,นักออกแบบและพัฒนาเว็บไซต์,Web Designer & Developer,Wisesight (Thailand),ขอนแก่น,ตามโครงสร้างองค์กร / ตามประสบการณ์,Entry-Level / เด็กจบใหม่ (0-2 ปี),0-2,html5; css3; javascript; woocommerce; shopify; payment gateway; php; mysql; analytics,"พัฒนาและดูแลระบบร้านค้าออนไลน์ (E-Commerce) และระบบชำระเงิน; เชื่อมต่อระบบ Payment Gateway, ขนส่ง, และสต็อกสินค้า; ปรับแต่งหน้าสั่งซื้อสินค้าเพื่อเพิ่มอัตราการสั่งซื้อ (Conversion Rate); วิเคราะห์สถิติผู้เข้าชมเว็บไซต์และจัดทำรายงานยอดขาย",html5; css3; javascript; woocommerce; shopify; payment gateway; php; mysql,https://jobs.blognone.com
TH-TQF-8.7-025,Web Developer (นักพัฒนาและออกแบบเว็บไซต์),8.7,นักออกแบบและพัฒนาเว็บไซต์,Web Designer & Developer,AIS (Advanced Info Service),Remote (ทำงานจากที่บ้านทั่วไทย),ตามโครงสร้างองค์กร / ตามประสบการณ์,Entry-Level / เด็กจบใหม่ (0-1 ปี),0-1,html5; css3; javascript; responsive web design; tailwind; bootstrap; php; mysql; wordpress; git; rest api,พัฒนาเว็บไซต์และเว็บแอปพลิเคชันให้แสดงผลสวยงามบนทุกอุปกรณ์ (Responsive); พัฒนาธีมและปลั๊กอินบนระบบ WordPress หรือเว็บเฟรมเวิร์ก; เชื่อมต่อส่วนหน้าบ้านเข้ากับฐานข้อมูล MySQL และ REST API; ปรับแต่งความเร็วเว็บไซต์ (Web Performance Optimization),html5; css3; javascript; responsive web design; tailwind; bootstrap; php; mysql,https://jobs.blognone.com
TH-TQF-8.7-026,Frontend Web Developer (นักพัฒนาส่วนติดต่อผู้ใช้บนเว็บไซต์),8.7,นักออกแบบและพัฒนาเว็บไซต์,Web Designer & Developer,Siam Commercial Bank,กรุงเทพมหานคร,ตามโครงสร้างองค์กร / ตามประสบการณ์,Entry-Level / เด็กจบใหม่ (0-2 ปี),0-2,html5; css3; javascript; typescript; react; tailwind; responsive design; git; vite; web api,พัฒนาส่วนติดต่อผู้ใช้ (UI) บนเว็บเบราว์เซอร์ด้วย React และ Tailwind CSS; เชื่อมต่อข้อมูลกับ REST API ฝั่งเซิร์ฟเวอร์แบบ Asynchronous; ปรับปรุงความเร็วในการโหลดหน้าเว็บและประสิทธิภาพการเรนเดอร์; ดูแลการแสดงผลให้รองรับเว็บเบราว์เซอร์หลักทุกตัว (Cross-browser),html5; css3; javascript; typescript; react; tailwind; responsive design; git,https://jobs.blognone.com
TH-TQF-8.7-027,WordPress & CMS Web Developer (นักพัฒนาเว็บไซต์ระบบ CMS),8.7,นักออกแบบและพัฒนาเว็บไซต์,Web Designer & Developer,CJ Express Group (Technology Center),สมุทรปราการ,ตามโครงสร้างองค์กร / ตามประสบการณ์,Entry-Level / เด็กจบใหม่ (0-1 ปี),0-1,wordpress; php; mysql; html5; css3; javascript; elementor; seo basics; web security; tailwind,ออกแบบและจัดทำเว็บไซต์องค์กรและเว็บอีคอมเมิร์ซด้วย WordPress; พัฒนา Custom Theme และปรับแต่งฟังก์ชันด้วยภาษา PHP และ MySQL; ดูแลความปลอดภัยของเว็บไซต์ อัปเดตปลั๊กอิน และสำรองข้อมูล; ปรับปรุงโครงสร้างเว็บไซต์ตามหลักการ SEO,wordpress; php; mysql; html5; css3; javascript; elementor; seo basics,https://jobs.blognone.com
TH-TQF-8.7-028,Web Designer & UI Creator (นักออกแบบและจัดทำหน้าเว็บไซต์),8.7,นักออกแบบและพัฒนาเว็บไซต์,Web Designer & Developer,SCB TechX,ชลบุรี (EEC),ตามโครงสร้างองค์กร / ตามประสบการณ์,Entry-Level / เด็กจบใหม่ (0-1 ปี),0-1,figma; ui/ux; html5; css3; javascript; responsive web design; bootstrap; photoshop; wireframing,ออกแบบโครงร่างหน้าเว็บ (Layout/Wireframe) และดีไซน์หน้าจอด้วย Figma; แปลงงานดีไซน์เป็นหน้าเว็บไซต์ที่รองรับมือถือและแท็บเล็ต; สร้างสรรค์แบนเนอร์และภาพประกอบที่ดึงดูดสายตาผู้ใช้งาน; ตรวจสอบและปรับปรุงความง่ายในการนำทางบนเว็บไซต์ (Navigation),figma; ui/ux; html5; css3; javascript; responsive web design; bootstrap; photoshop,https://jobs.blognone.com
TH-TQF-8.7-029,Junior Full Stack Web Developer (นักพัฒนาเว็บไซต์ฟูลสแต็ก),8.7,นักออกแบบและพัฒนาเว็บไซต์,Web Designer & Developer,Bitkub Online,กรุงเทพมหานคร,ตามโครงสร้างองค์กร / ตามประสบการณ์,Entry-Level / เด็กจบใหม่ (0-2 ปี),0-2,php; laravel; javascript; vue; mysql; html5; css3; rest api; git; bootstrap; responsive web design,พัฒนาเว็บแอปพลิเคชันแบบครบวงจรด้วยเฟรมเวิร์ก Laravel และ Vue.js; ออกแบบและจัดการฐานข้อมูล MySQL พร้อมเชื่อมโยงตารางข้อมูล; สร้างระบบยืนยันตัวตน (Authentication) และการจัดการสิทธิ์; ดูแลและปรับปรุงฟังก์ชันการทำงานของเว็บไซต์ตามความต้องการ,php; laravel; javascript; vue; mysql; html5; css3; rest api,https://jobs.blognone.com
TH-TQF-8.7-030,E-Commerce Web Specialist (ผู้เชี่ยวชาญการพัฒนาเว็บไซต์พาณิชย์อิเล็กทรอนิกส์),8.7,นักออกแบบและพัฒนาเว็บไซต์,Web Designer & Developer,G-Able Public Company Limited,นนทบุรี,ตามโครงสร้างองค์กร / ตามประสบการณ์,Entry-Level / เด็กจบใหม่ (0-2 ปี),0-2,html5; css3; javascript; woocommerce; shopify; payment gateway; php; mysql; analytics,"พัฒนาและดูแลระบบร้านค้าออนไลน์ (E-Commerce) และระบบชำระเงิน; เชื่อมต่อระบบ Payment Gateway, ขนส่ง, และสต็อกสินค้า; ปรับแต่งหน้าสั่งซื้อสินค้าเพื่อเพิ่มอัตราการสั่งซื้อ (Conversion Rate); วิเคราะห์สถิติผู้เข้าชมเว็บไซต์และจัดทำรายงานยอดขาย",html5; css3; javascript; woocommerce; shopify; payment gateway; php; mysql,https://jobs.blognone.com
TH-TQF-8.8-001,Junior AI & Data Scientist (นักวิทยาศาสตร์ข้อมูลและปัญญาประดิษฐ์),8.8,ผู้เชี่ยวชาญด้านเทคโนโลยีสารสนเทศ,Specialized IT Professional,Agoda Services (Bangkok),กรุงเทพมหานคร,ตามโครงสร้างองค์กร / ตามประสบการณ์,Entry-Level / เด็กจบใหม่ (0-2 ปี),0-2,python; machine learning; deep learning; pandas; numpy; scikit-learn; sql; data visualization; nlp; data science,"รวบรวม ทำความสะอาด และเตรียมชุดข้อมูลสำหรับการวิเคราะห์และสร้างโมเดล; สร้างและประเมินประสิทธิภาพของโมเดล Machine Learning; นำเสนอผลการวิเคราะห์ข้อมูลเชิงลึกและแดชบอร์ดสรุปผลแก่ทีม; ศึกษาวิจัยเทคโนโลยีปัญญาประดิษฐ์ยุคใหม่ (Generative AI, NLP)",python; machine learning; deep learning; pandas; numpy; scikit-learn; sql; data visualization,https://jobs.blognone.com
TH-TQF-8.8-002,Cybersecurity Analyst (นักวิเคราะห์ความมั่นคงปลอดภัยสารสนเทศ),8.8,ผู้เชี่ยวชาญด้านเทคโนโลยีสารสนเทศ,Specialized IT Professional,Bangkok Bank (IT Division),ปทุมธานี,ตามโครงสร้างองค์กร / ตามประสบการณ์,Entry-Level / เด็กจบใหม่ (0-2 ปี),0-2,cybersecurity; firewall; siem; incident response; vulnerability assessment; network security; linux; soc,เฝ้าระวังและตรวจจับภัยคุกคามทางไซเบอร์ผ่านระบบ SIEM ภายในศูนย์ SOC; ตรวจสอบและประเมินช่องโหว่ความปลอดภัยของระบบคอมพิวเตอร์; ปฏิบัติตามแผนเผชิญเหตุกรณีเกิดภัยคุกคามและจัดทำรายงาน; ส่งเสริมความตระหนักรู้ด้านความปลอดภัย (Security Awareness),cybersecurity; firewall; siem; incident response; vulnerability assessment; network security; linux; soc,https://jobs.blognone.com
TH-TQF-8.8-003,Data Engineer (วิศวกรข้อมูลและระบบคลังข้อมูล),8.8,ผู้เชี่ยวชาญด้านเทคโนโลยีสารสนเทศ,Specialized IT Professional,CP All (IT Division),ขอนแก่น,ตามโครงสร้างองค์กร / ตามประสบการณ์,Entry-Level / เด็กจบใหม่ (0-2 ปี),0-2,python; sql; etl; data pipeline; postgresql; big data; spark basics; docker; git; deep learning,ออกแบบและสร้างท่อลำเลียงข้อมูล (ETL/ELT Data Pipelines) อัตโนมัติ; รวบรวมข้อมูลจากแหล่งต่างๆ เข้าสู่คลังข้อมูล (Data Warehouse); ดูแลความสะอาดและความสมบูรณ์ของข้อมูลสำหรับการวิเคราะห์; ปรับปรุงประสิทธิภาพการสืบค้นข้อมูลขนาดใหญ่,python; sql; etl; data pipeline; postgresql; big data; spark basics; docker,https://jobs.blognone.com
TH-TQF-8.8-004,Cloud Solutions Specialist (ผู้เชี่ยวชาญโซลูชันระบบคลาวด์),8.8,ผู้เชี่ยวชาญด้านเทคโนโลยีสารสนเทศ,Specialized IT Professional,บริษัท ซอฟต์แวร์เฮาส์ชั้นนำในไทย,Remote (ทำงานจากที่บ้านทั่วไทย),ตามโครงสร้างองค์กร / ตามประสบการณ์,Entry-Level / เด็กจบใหม่ (0-2 ปี),0-2,aws; azure; cloud architecture; docker; linux; networking; terraform; ci/cd; security,"ออกแบบและติดตั้งบริการบนคลาวด์ (Compute, Storage, Database); ดูแลความปลอดภัย การสำรองข้อมูล และการขยายระบบบนคลาวด์; ติดตามและบริหารจัดการค่าใช้จ่ายทรัพยากรคลาวด์ให้คุ้มค่า; ถ่ายทอดความรู้และให้คำปรึกษาด้าน Cloud Migration",aws; azure; cloud architecture; docker; linux; networking; terraform; ci/cd,https://jobs.blognone.com
TH-TQF-8.8-005,Business Intelligence & Data Analyst (นักวิเคราะห์ข้อมูลธุรกิจ),8.8,ผู้เชี่ยวชาญด้านเทคโนโลยีสารสนเทศ,Specialized IT Professional,True Digital Group,กรุงเทพมหานคร,ตามโครงสร้างองค์กร / ตามประสบการณ์,Entry-Level / เด็กจบใหม่ (0-1 ปี),0-1,power bi; tableau; sql; excel; data analysis; data modeling; reporting; dashboard; machine learning,ออกแบบและสร้างแดชบอร์ดสรุปผลการดำเนินงานแบบ Interactive (Power BI); เขียนคำสั่ง SQL เพื่อวิเคราะห์แนวโน้มพฤติกรรมลูกค้าและยอดขาย; ทำงานร่วมกับฝ่ายธุรกิจเพื่อเปลี่ยนโจทย์ทางธุรกิจเป็นโจทย์การวิเคราะห์; จัดทำรายงานสรุปข้อมูลเชิงสถิติเพื่อสนับสนุนการตัดสินใจ,power bi; tableau; sql; excel; data analysis; data modeling; reporting; dashboard,https://jobs.blognone.com
TH-TQF-8.8-006,DevSecOps Specialist (ผู้เชี่ยวชาญการผสานความปลอดภัยในระบบอัตโนมัติ),8.8,ผู้เชี่ยวชาญด้านเทคโนโลยีสารสนเทศ,Specialized IT Professional,PTT Digital Solutions,สมุทรปราการ,ตามโครงสร้างองค์กร / ตามประสบการณ์,Mid-Level / มีประสบการณ์ (1-3 ปี),1-3,ci/cd; docker; kubernetes; security scanning; linux; git; cloud; bash; python,สร้างและดูแล CI/CD Pipeline พร้อมติดตั้งระบบตรวจจับช่องโหว่โค้ดอัตโนมัติ; กำหนดมาตรฐานความปลอดภัยในการ Deploy ซอฟต์แวร์บนเซิร์ฟเวอร์; ดูแลและปรับปรุงความมั่นคงปลอดภัยของคลัสเตอร์ Kubernetes; เฝ้าระวังและแก้ไขปัญหาความปลอดภัยในวงจรการพัฒนา,ci/cd; docker; kubernetes; security scanning; linux; git; cloud; bash,https://jobs.blognone.com
TH-TQF-8.8-007,Junior AI & Data Scientist (นักวิทยาศาสตร์ข้อมูลและปัญญาประดิษฐ์),8.8,ผู้เชี่ยวชาญด้านเทคโนโลยีสารสนเทศ,Specialized IT Professional,PromptNow Company Limited,ชลบุรี (EEC),ตามโครงสร้างองค์กร / ตามประสบการณ์,Entry-Level / เด็กจบใหม่ (0-2 ปี),0-2,python; machine learning; deep learning; pandas; numpy; scikit-learn; sql; data visualization; nlp; cybersecurity,"รวบรวม ทำความสะอาด และเตรียมชุดข้อมูลสำหรับการวิเคราะห์และสร้างโมเดล; สร้างและประเมินประสิทธิภาพของโมเดล Machine Learning; นำเสนอผลการวิเคราะห์ข้อมูลเชิงลึกและแดชบอร์ดสรุปผลแก่ทีม; ศึกษาวิจัยเทคโนโลยีปัญญาประดิษฐ์ยุคใหม่ (Generative AI, NLP)",python; machine learning; deep learning; pandas; numpy; scikit-learn; sql; data visualization,https://jobs.blognone.com
TH-TQF-8.8-008,Cybersecurity Analyst (นักวิเคราะห์ความมั่นคงปลอดภัยสารสนเทศ),8.8,ผู้เชี่ยวชาญด้านเทคโนโลยีสารสนเทศ,Specialized IT Professional,ReadyPlanet Public Company Limited,กรุงเทพมหานคร,ตามโครงสร้างองค์กร / ตามประสบการณ์,Entry-Level / เด็กจบใหม่ (0-2 ปี),0-2,cybersecurity; firewall; siem; incident response; vulnerability assessment; network security; linux; soc,เฝ้าระวังและตรวจจับภัยคุกคามทางไซเบอร์ผ่านระบบ SIEM ภายในศูนย์ SOC; ตรวจสอบและประเมินช่องโหว่ความปลอดภัยของระบบคอมพิวเตอร์; ปฏิบัติตามแผนเผชิญเหตุกรณีเกิดภัยคุกคามและจัดทำรายงาน; ส่งเสริมความตระหนักรู้ด้านความปลอดภัย (Security Awareness),cybersecurity; firewall; siem; incident response; vulnerability assessment; network security; linux; soc,https://jobs.blognone.com
TH-TQF-8.8-009,Data Engineer (วิศวกรข้อมูลและระบบคลังข้อมูล),8.8,ผู้เชี่ยวชาญด้านเทคโนโลยีสารสนเทศ,Specialized IT Professional,Agoda Services (Bangkok),นนทบุรี,ตามโครงสร้างองค์กร / ตามประสบการณ์,Entry-Level / เด็กจบใหม่ (0-2 ปี),0-2,python; sql; etl; data pipeline; postgresql; big data; spark basics; docker; git; machine learning,ออกแบบและสร้างท่อลำเลียงข้อมูล (ETL/ELT Data Pipelines) อัตโนมัติ; รวบรวมข้อมูลจากแหล่งต่างๆ เข้าสู่คลังข้อมูล (Data Warehouse); ดูแลความสะอาดและความสมบูรณ์ของข้อมูลสำหรับการวิเคราะห์; ปรับปรุงประสิทธิภาพการสืบค้นข้อมูลขนาดใหญ่,python; sql; etl; data pipeline; postgresql; big data; spark basics; docker,https://jobs.blognone.com
TH-TQF-8.8-010,Cloud Solutions Specialist (ผู้เชี่ยวชาญโซลูชันระบบคลาวด์),8.8,ผู้เชี่ยวชาญด้านเทคโนโลยีสารสนเทศ,Specialized IT Professional,Bangkok Bank (IT Division),เชียงใหม่,ตามโครงสร้างองค์กร / ตามประสบการณ์,Entry-Level / เด็กจบใหม่ (0-2 ปี),0-2,aws; azure; cloud architecture; docker; linux; networking; terraform; ci/cd; security,"ออกแบบและติดตั้งบริการบนคลาวด์ (Compute, Storage, Database); ดูแลความปลอดภัย การสำรองข้อมูล และการขยายระบบบนคลาวด์; ติดตามและบริหารจัดการค่าใช้จ่ายทรัพยากรคลาวด์ให้คุ้มค่า; ถ่ายทอดความรู้และให้คำปรึกษาด้าน Cloud Migration",aws; azure; cloud architecture; docker; linux; networking; terraform; ci/cd,https://jobs.blognone.com
TH-TQF-8.8-011,Business Intelligence & Data Analyst (นักวิเคราะห์ข้อมูลธุรกิจ),8.8,ผู้เชี่ยวชาญด้านเทคโนโลยีสารสนเทศ,Specialized IT Professional,CP All (IT Division),ภูเก็ต,ตามโครงสร้างองค์กร / ตามประสบการณ์,Entry-Level / เด็กจบใหม่ (0-1 ปี),0-1,power bi; tableau; sql; excel; data analysis; data modeling; reporting; dashboard; deep learning,ออกแบบและสร้างแดชบอร์ดสรุปผลการดำเนินงานแบบ Interactive (Power BI); เขียนคำสั่ง SQL เพื่อวิเคราะห์แนวโน้มพฤติกรรมลูกค้าและยอดขาย; ทำงานร่วมกับฝ่ายธุรกิจเพื่อเปลี่ยนโจทย์ทางธุรกิจเป็นโจทย์การวิเคราะห์; จัดทำรายงานสรุปข้อมูลเชิงสถิติเพื่อสนับสนุนการตัดสินใจ,power bi; tableau; sql; excel; data analysis; data modeling; reporting; dashboard,https://jobs.blognone.com
TH-TQF-8.8-012,DevSecOps Specialist (ผู้เชี่ยวชาญการผสานความปลอดภัยในระบบอัตโนมัติ),8.8,ผู้เชี่ยวชาญด้านเทคโนโลยีสารสนเทศ,Specialized IT Professional,บริษัท ซอฟต์แวร์เฮาส์ชั้นนำในไทย,กรุงเทพมหานคร,ตามโครงสร้างองค์กร / ตามประสบการณ์,Mid-Level / มีประสบการณ์ (1-3 ปี),1-3,ci/cd; docker; kubernetes; security scanning; linux; git; cloud; bash; python,สร้างและดูแล CI/CD Pipeline พร้อมติดตั้งระบบตรวจจับช่องโหว่โค้ดอัตโนมัติ; กำหนดมาตรฐานความปลอดภัยในการ Deploy ซอฟต์แวร์บนเซิร์ฟเวอร์; ดูแลและปรับปรุงความมั่นคงปลอดภัยของคลัสเตอร์ Kubernetes; เฝ้าระวังและแก้ไขปัญหาความปลอดภัยในวงจรการพัฒนา,ci/cd; docker; kubernetes; security scanning; linux; git; cloud; bash,https://jobs.blognone.com
TH-TQF-8.8-013,Junior AI & Data Scientist (นักวิทยาศาสตร์ข้อมูลและปัญญาประดิษฐ์),8.8,ผู้เชี่ยวชาญด้านเทคโนโลยีสารสนเทศ,Specialized IT Professional,True Digital Group,ปทุมธานี,ตามโครงสร้างองค์กร / ตามประสบการณ์,Entry-Level / เด็กจบใหม่ (0-2 ปี),0-2,python; machine learning; deep learning; pandas; numpy; scikit-learn; sql; data visualization; nlp; devsecops,"รวบรวม ทำความสะอาด และเตรียมชุดข้อมูลสำหรับการวิเคราะห์และสร้างโมเดล; สร้างและประเมินประสิทธิภาพของโมเดล Machine Learning; นำเสนอผลการวิเคราะห์ข้อมูลเชิงลึกและแดชบอร์ดสรุปผลแก่ทีม; ศึกษาวิจัยเทคโนโลยีปัญญาประดิษฐ์ยุคใหม่ (Generative AI, NLP)",python; machine learning; deep learning; pandas; numpy; scikit-learn; sql; data visualization,https://jobs.blognone.com
TH-TQF-8.8-014,Cybersecurity Analyst (นักวิเคราะห์ความมั่นคงปลอดภัยสารสนเทศ),8.8,ผู้เชี่ยวชาญด้านเทคโนโลยีสารสนเทศ,Specialized IT Professional,PTT Digital Solutions,ขอนแก่น,ตามโครงสร้างองค์กร / ตามประสบการณ์,Entry-Level / เด็กจบใหม่ (0-2 ปี),0-2,cybersecurity; firewall; siem; incident response; vulnerability assessment; network security; linux; soc,เฝ้าระวังและตรวจจับภัยคุกคามทางไซเบอร์ผ่านระบบ SIEM ภายในศูนย์ SOC; ตรวจสอบและประเมินช่องโหว่ความปลอดภัยของระบบคอมพิวเตอร์; ปฏิบัติตามแผนเผชิญเหตุกรณีเกิดภัยคุกคามและจัดทำรายงาน; ส่งเสริมความตระหนักรู้ด้านความปลอดภัย (Security Awareness),cybersecurity; firewall; siem; incident response; vulnerability assessment; network security; linux; soc,https://jobs.blognone.com
TH-TQF-8.8-015,Data Engineer (วิศวกรข้อมูลและระบบคลังข้อมูล),8.8,ผู้เชี่ยวชาญด้านเทคโนโลยีสารสนเทศ,Specialized IT Professional,PromptNow Company Limited,Remote (ทำงานจากที่บ้านทั่วไทย),ตามโครงสร้างองค์กร / ตามประสบการณ์,Entry-Level / เด็กจบใหม่ (0-2 ปี),0-2,python; sql; etl; data pipeline; postgresql; big data; spark basics; docker; git; data science,ออกแบบและสร้างท่อลำเลียงข้อมูล (ETL/ELT Data Pipelines) อัตโนมัติ; รวบรวมข้อมูลจากแหล่งต่างๆ เข้าสู่คลังข้อมูล (Data Warehouse); ดูแลความสะอาดและความสมบูรณ์ของข้อมูลสำหรับการวิเคราะห์; ปรับปรุงประสิทธิภาพการสืบค้นข้อมูลขนาดใหญ่,python; sql; etl; data pipeline; postgresql; big data; spark basics; docker,https://jobs.blognone.com
TH-TQF-8.8-016,Cloud Solutions Specialist (ผู้เชี่ยวชาญโซลูชันระบบคลาวด์),8.8,ผู้เชี่ยวชาญด้านเทคโนโลยีสารสนเทศ,Specialized IT Professional,ReadyPlanet Public Company Limited,กรุงเทพมหานคร,ตามโครงสร้างองค์กร / ตามประสบการณ์,Entry-Level / เด็กจบใหม่ (0-2 ปี),0-2,aws; azure; cloud architecture; docker; linux; networking; terraform; ci/cd; security,"ออกแบบและติดตั้งบริการบนคลาวด์ (Compute, Storage, Database); ดูแลความปลอดภัย การสำรองข้อมูล และการขยายระบบบนคลาวด์; ติดตามและบริหารจัดการค่าใช้จ่ายทรัพยากรคลาวด์ให้คุ้มค่า; ถ่ายทอดความรู้และให้คำปรึกษาด้าน Cloud Migration",aws; azure; cloud architecture; docker; linux; networking; terraform; ci/cd,https://jobs.blognone.com
TH-TQF-8.8-017,Business Intelligence & Data Analyst (นักวิเคราะห์ข้อมูลธุรกิจ),8.8,ผู้เชี่ยวชาญด้านเทคโนโลยีสารสนเทศ,Specialized IT Professional,Agoda Services (Bangkok),สมุทรปราการ,ตามโครงสร้างองค์กร / ตามประสบการณ์,Entry-Level / เด็กจบใหม่ (0-1 ปี),0-1,power bi; tableau; sql; excel; data analysis; data modeling; reporting; dashboard; devsecops,ออกแบบและสร้างแดชบอร์ดสรุปผลการดำเนินงานแบบ Interactive (Power BI); เขียนคำสั่ง SQL เพื่อวิเคราะห์แนวโน้มพฤติกรรมลูกค้าและยอดขาย; ทำงานร่วมกับฝ่ายธุรกิจเพื่อเปลี่ยนโจทย์ทางธุรกิจเป็นโจทย์การวิเคราะห์; จัดทำรายงานสรุปข้อมูลเชิงสถิติเพื่อสนับสนุนการตัดสินใจ,power bi; tableau; sql; excel; data analysis; data modeling; reporting; dashboard,https://jobs.blognone.com
TH-TQF-8.8-018,DevSecOps Specialist (ผู้เชี่ยวชาญการผสานความปลอดภัยในระบบอัตโนมัติ),8.8,ผู้เชี่ยวชาญด้านเทคโนโลยีสารสนเทศ,Specialized IT Professional,Bangkok Bank (IT Division),ชลบุรี (EEC),ตามโครงสร้างองค์กร / ตามประสบการณ์,Mid-Level / มีประสบการณ์ (1-3 ปี),1-3,ci/cd; docker; kubernetes; security scanning; linux; git; cloud; bash; python,สร้างและดูแล CI/CD Pipeline พร้อมติดตั้งระบบตรวจจับช่องโหว่โค้ดอัตโนมัติ; กำหนดมาตรฐานความปลอดภัยในการ Deploy ซอฟต์แวร์บนเซิร์ฟเวอร์; ดูแลและปรับปรุงความมั่นคงปลอดภัยของคลัสเตอร์ Kubernetes; เฝ้าระวังและแก้ไขปัญหาความปลอดภัยในวงจรการพัฒนา,ci/cd; docker; kubernetes; security scanning; linux; git; cloud; bash,https://jobs.blognone.com
TH-TQF-8.8-019,Junior AI & Data Scientist (นักวิทยาศาสตร์ข้อมูลและปัญญาประดิษฐ์),8.8,ผู้เชี่ยวชาญด้านเทคโนโลยีสารสนเทศ,Specialized IT Professional,CP All (IT Division),กรุงเทพมหานคร,ตามโครงสร้างองค์กร / ตามประสบการณ์,Entry-Level / เด็กจบใหม่ (0-2 ปี),0-2,python; machine learning; deep learning; pandas; numpy; scikit-learn; sql; data visualization; nlp; devsecops,"รวบรวม ทำความสะอาด และเตรียมชุดข้อมูลสำหรับการวิเคราะห์และสร้างโมเดล; สร้างและประเมินประสิทธิภาพของโมเดล Machine Learning; นำเสนอผลการวิเคราะห์ข้อมูลเชิงลึกและแดชบอร์ดสรุปผลแก่ทีม; ศึกษาวิจัยเทคโนโลยีปัญญาประดิษฐ์ยุคใหม่ (Generative AI, NLP)",python; machine learning; deep learning; pandas; numpy; scikit-learn; sql; data visualization,https://jobs.blognone.com
TH-TQF-8.8-020,Cybersecurity Analyst (นักวิเคราะห์ความมั่นคงปลอดภัยสารสนเทศ),8.8,ผู้เชี่ยวชาญด้านเทคโนโลยีสารสนเทศ,Specialized IT Professional,บริษัท ซอฟต์แวร์เฮาส์ชั้นนำในไทย,นนทบุรี,ตามโครงสร้างองค์กร / ตามประสบการณ์,Entry-Level / เด็กจบใหม่ (0-2 ปี),0-2,cybersecurity; firewall; siem; incident response; vulnerability assessment; network security; linux; soc,เฝ้าระวังและตรวจจับภัยคุกคามทางไซเบอร์ผ่านระบบ SIEM ภายในศูนย์ SOC; ตรวจสอบและประเมินช่องโหว่ความปลอดภัยของระบบคอมพิวเตอร์; ปฏิบัติตามแผนเผชิญเหตุกรณีเกิดภัยคุกคามและจัดทำรายงาน; ส่งเสริมความตระหนักรู้ด้านความปลอดภัย (Security Awareness),cybersecurity; firewall; siem; incident response; vulnerability assessment; network security; linux; soc,https://jobs.blognone.com
TH-TQF-8.8-021,Data Engineer (วิศวกรข้อมูลและระบบคลังข้อมูล),8.8,ผู้เชี่ยวชาญด้านเทคโนโลยีสารสนเทศ,Specialized IT Professional,True Digital Group,เชียงใหม่,ตามโครงสร้างองค์กร / ตามประสบการณ์,Entry-Level / เด็กจบใหม่ (0-2 ปี),0-2,python; sql; etl; data pipeline; postgresql; big data; spark basics; docker; git; devsecops,ออกแบบและสร้างท่อลำเลียงข้อมูล (ETL/ELT Data Pipelines) อัตโนมัติ; รวบรวมข้อมูลจากแหล่งต่างๆ เข้าสู่คลังข้อมูล (Data Warehouse); ดูแลความสะอาดและความสมบูรณ์ของข้อมูลสำหรับการวิเคราะห์; ปรับปรุงประสิทธิภาพการสืบค้นข้อมูลขนาดใหญ่,python; sql; etl; data pipeline; postgresql; big data; spark basics; docker,https://jobs.blognone.com
TH-TQF-8.8-022,Cloud Solutions Specialist (ผู้เชี่ยวชาญโซลูชันระบบคลาวด์),8.8,ผู้เชี่ยวชาญด้านเทคโนโลยีสารสนเทศ,Specialized IT Professional,PTT Digital Solutions,ภูเก็ต,ตามโครงสร้างองค์กร / ตามประสบการณ์,Entry-Level / เด็กจบใหม่ (0-2 ปี),0-2,aws; azure; cloud architecture; docker; linux; networking; terraform; ci/cd; security,"ออกแบบและติดตั้งบริการบนคลาวด์ (Compute, Storage, Database); ดูแลความปลอดภัย การสำรองข้อมูล และการขยายระบบบนคลาวด์; ติดตามและบริหารจัดการค่าใช้จ่ายทรัพยากรคลาวด์ให้คุ้มค่า; ถ่ายทอดความรู้และให้คำปรึกษาด้าน Cloud Migration",aws; azure; cloud architecture; docker; linux; networking; terraform; ci/cd,https://jobs.blognone.com
TH-TQF-8.8-023,Business Intelligence & Data Analyst (นักวิเคราะห์ข้อมูลธุรกิจ),8.8,ผู้เชี่ยวชาญด้านเทคโนโลยีสารสนเทศ,Specialized IT Professional,PromptNow Company Limited,กรุงเทพมหานคร,ตามโครงสร้างองค์กร / ตามประสบการณ์,Entry-Level / เด็กจบใหม่ (0-1 ปี),0-1,power bi; tableau; sql; excel; data analysis; data modeling; reporting; dashboard; machine learning,ออกแบบและสร้างแดชบอร์ดสรุปผลการดำเนินงานแบบ Interactive (Power BI); เขียนคำสั่ง SQL เพื่อวิเคราะห์แนวโน้มพฤติกรรมลูกค้าและยอดขาย; ทำงานร่วมกับฝ่ายธุรกิจเพื่อเปลี่ยนโจทย์ทางธุรกิจเป็นโจทย์การวิเคราะห์; จัดทำรายงานสรุปข้อมูลเชิงสถิติเพื่อสนับสนุนการตัดสินใจ,power bi; tableau; sql; excel; data analysis; data modeling; reporting; dashboard,https://jobs.blognone.com
TH-TQF-8.8-024,DevSecOps Specialist (ผู้เชี่ยวชาญการผสานความปลอดภัยในระบบอัตโนมัติ),8.8,ผู้เชี่ยวชาญด้านเทคโนโลยีสารสนเทศ,Specialized IT Professional,ReadyPlanet Public Company Limited,ปทุมธานี,ตามโครงสร้างองค์กร / ตามประสบการณ์,Mid-Level / มีประสบการณ์ (1-3 ปี),1-3,ci/cd; docker; kubernetes; security scanning; linux; git; cloud; bash; python,สร้างและดูแล CI/CD Pipeline พร้อมติดตั้งระบบตรวจจับช่องโหว่โค้ดอัตโนมัติ; กำหนดมาตรฐานความปลอดภัยในการ Deploy ซอฟต์แวร์บนเซิร์ฟเวอร์; ดูแลและปรับปรุงความมั่นคงปลอดภัยของคลัสเตอร์ Kubernetes; เฝ้าระวังและแก้ไขปัญหาความปลอดภัยในวงจรการพัฒนา,ci/cd; docker; kubernetes; security scanning; linux; git; cloud; bash,https://jobs.blognone.com
TH-TQF-8.8-025,Junior AI & Data Scientist (นักวิทยาศาสตร์ข้อมูลและปัญญาประดิษฐ์),8.8,ผู้เชี่ยวชาญด้านเทคโนโลยีสารสนเทศ,Specialized IT Professional,Agoda Services (Bangkok),ขอนแก่น,ตามโครงสร้างองค์กร / ตามประสบการณ์,Entry-Level / เด็กจบใหม่ (0-2 ปี),0-2,python; machine learning; deep learning; pandas; numpy; scikit-learn; sql; data visualization; nlp; devsecops,"รวบรวม ทำความสะอาด และเตรียมชุดข้อมูลสำหรับการวิเคราะห์และสร้างโมเดล; สร้างและประเมินประสิทธิภาพของโมเดล Machine Learning; นำเสนอผลการวิเคราะห์ข้อมูลเชิงลึกและแดชบอร์ดสรุปผลแก่ทีม; ศึกษาวิจัยเทคโนโลยีปัญญาประดิษฐ์ยุคใหม่ (Generative AI, NLP)",python; machine learning; deep learning; pandas; numpy; scikit-learn; sql; data visualization,https://jobs.blognone.com
TH-TQF-8.8-026,Cybersecurity Analyst (นักวิเคราะห์ความมั่นคงปลอดภัยสารสนเทศ),8.8,ผู้เชี่ยวชาญด้านเทคโนโลยีสารสนเทศ,Specialized IT Professional,Bangkok Bank (IT Division),Remote (ทำงานจากที่บ้านทั่วไทย),ตามโครงสร้างองค์กร / ตามประสบการณ์,Entry-Level / เด็กจบใหม่ (0-2 ปี),0-2,cybersecurity; firewall; siem; incident response; vulnerability assessment; network security; linux; soc,เฝ้าระวังและตรวจจับภัยคุกคามทางไซเบอร์ผ่านระบบ SIEM ภายในศูนย์ SOC; ตรวจสอบและประเมินช่องโหว่ความปลอดภัยของระบบคอมพิวเตอร์; ปฏิบัติตามแผนเผชิญเหตุกรณีเกิดภัยคุกคามและจัดทำรายงาน; ส่งเสริมความตระหนักรู้ด้านความปลอดภัย (Security Awareness),cybersecurity; firewall; siem; incident response; vulnerability assessment; network security; linux; soc,https://jobs.blognone.com
TH-TQF-8.8-027,Data Engineer (วิศวกรข้อมูลและระบบคลังข้อมูล),8.8,ผู้เชี่ยวชาญด้านเทคโนโลยีสารสนเทศ,Specialized IT Professional,CP All (IT Division),กรุงเทพมหานคร,ตามโครงสร้างองค์กร / ตามประสบการณ์,Entry-Level / เด็กจบใหม่ (0-2 ปี),0-2,python; sql; etl; data pipeline; postgresql; big data; spark basics; docker; git; cloud architecture,ออกแบบและสร้างท่อลำเลียงข้อมูล (ETL/ELT Data Pipelines) อัตโนมัติ; รวบรวมข้อมูลจากแหล่งต่างๆ เข้าสู่คลังข้อมูล (Data Warehouse); ดูแลความสะอาดและความสมบูรณ์ของข้อมูลสำหรับการวิเคราะห์; ปรับปรุงประสิทธิภาพการสืบค้นข้อมูลขนาดใหญ่,python; sql; etl; data pipeline; postgresql; big data; spark basics; docker,https://jobs.blognone.com
TH-TQF-8.8-028,Cloud Solutions Specialist (ผู้เชี่ยวชาญโซลูชันระบบคลาวด์),8.8,ผู้เชี่ยวชาญด้านเทคโนโลยีสารสนเทศ,Specialized IT Professional,บริษัท ซอฟต์แวร์เฮาส์ชั้นนำในไทย,สมุทรปราการ,ตามโครงสร้างองค์กร / ตามประสบการณ์,Entry-Level / เด็กจบใหม่ (0-2 ปี),0-2,aws; azure; cloud architecture; docker; linux; networking; terraform; ci/cd; security,"ออกแบบและติดตั้งบริการบนคลาวด์ (Compute, Storage, Database); ดูแลความปลอดภัย การสำรองข้อมูล และการขยายระบบบนคลาวด์; ติดตามและบริหารจัดการค่าใช้จ่ายทรัพยากรคลาวด์ให้คุ้มค่า; ถ่ายทอดความรู้และให้คำปรึกษาด้าน Cloud Migration",aws; azure; cloud architecture; docker; linux; networking; terraform; ci/cd,https://jobs.blognone.com
TH-TQF-8.8-029,Business Intelligence & Data Analyst (นักวิเคราะห์ข้อมูลธุรกิจ),8.8,ผู้เชี่ยวชาญด้านเทคโนโลยีสารสนเทศ,Specialized IT Professional,True Digital Group,ชลบุรี (EEC),ตามโครงสร้างองค์กร / ตามประสบการณ์,Entry-Level / เด็กจบใหม่ (0-1 ปี),0-1,power bi; tableau; sql; excel; data analysis; data modeling; reporting; dashboard; data science,ออกแบบและสร้างแดชบอร์ดสรุปผลการดำเนินงานแบบ Interactive (Power BI); เขียนคำสั่ง SQL เพื่อวิเคราะห์แนวโน้มพฤติกรรมลูกค้าและยอดขาย; ทำงานร่วมกับฝ่ายธุรกิจเพื่อเปลี่ยนโจทย์ทางธุรกิจเป็นโจทย์การวิเคราะห์; จัดทำรายงานสรุปข้อมูลเชิงสถิติเพื่อสนับสนุนการตัดสินใจ,power bi; tableau; sql; excel; data analysis; data modeling; reporting; dashboard,https://jobs.blognone.com
TH-TQF-8.8-030,DevSecOps Specialist (ผู้เชี่ยวชาญการผสานความปลอดภัยในระบบอัตโนมัติ),8.8,ผู้เชี่ยวชาญด้านเทคโนโลยีสารสนเทศ,Specialized IT Professional,PTT Digital Solutions,กรุงเทพมหานคร,ตามโครงสร้างองค์กร / ตามประสบการณ์,Mid-Level / มีประสบการณ์ (1-3 ปี),1-3,ci/cd; docker; kubernetes; security scanning; linux; git; cloud; bash; python,สร้างและดูแล CI/CD Pipeline พร้อมติดตั้งระบบตรวจจับช่องโหว่โค้ดอัตโนมัติ; กำหนดมาตรฐานความปลอดภัยในการ Deploy ซอฟต์แวร์บนเซิร์ฟเวอร์; ดูแลและปรับปรุงความมั่นคงปลอดภัยของคลัสเตอร์ Kubernetes; เฝ้าระวังและแก้ไขปัญหาความปลอดภัยในวงจรการพัฒนา,ci/cd; docker; kubernetes; security scanning; linux; git; cloud; bash,https://jobs.blognone.com
BN-LIVE-001,Engineer Sales Support,8.1,เจ้าหน้าที่คอมพิวเตอร์,Computer Officer / IT Support,บริษัท ศรี กาเนช อิมเพ็กซ์ จำกัด,กรุงเทพมหานคร,ตามโครงสร้างองค์กร / ตามประสบการณ์,Entry-Level / เด็กจบใหม่ (0-2 ปี),0-2,active directory; backup; basic networking; hardware; helpdesk; linux; troubleshooting; windows,ติดตั้ง ดูแล และบำรุงรักษาอุปกรณ์คอมพิวเตอร์และอุปกรณ์ต่อพ่วงในสำนักงาน; ตรวจสอบและแก้ไขปัญหาซอฟต์แวร์ ระบบปฏิบัติการ และการเชื่อมต่อเครือข่ายเบื้องต้น; ให้บริการและคำแนะนำแก่ผู้ใช้งาน (Helpdesk & Technical Support); ดูแลระบบสำรองข้อมูลและจัดการสิทธิ์การเข้าใช้งานระบบคอมพิวเตอร์,active directory; backup; basic networking; hardware; helpdesk; linux; troubleshooting; windows,https://jobs.blognone.com
BN-LIVE-002,Genius new grad Developer (Backend),8.6,นักพัฒนาซอฟต์แวร์,Software Developer / Engineer,บริษัท ไมดาส ซอฟท์ จำกัด,กรุงเทพมหานคร,ตามโครงสร้างองค์กร / ตามประสบการณ์,Entry-Level / เด็กจบใหม่ (0-2 ปี),0-2,.net; blockchain; c#; java; python; redis; socketio; typescript,"ออกแบบและเขียนโปรแกรมพัฒนาฟีเจอร์สำหรับแอปพลิเคชันและเว็บเซอร์วิส; สร้างและเชื่อมต่อฐานข้อมูล SQL/NoSQL ผ่านสถาปัตยกรรม RESTful API; เขียนชุดทดสอบ Unit Testing และร่วมทำ Code Review เพื่อรักษาคุณภาพซอฟต์แวร์; ประยุกต์ใช้หลักการ Clean Code, OOP และแก้ไขข้อผิดพลาดของระบบ (Debugging)",.net; blockchain; c#; java; python; redis; socketio; typescript,https://jobs.blognone.com
BN-LIVE-003,SENIOR Developer เน้น AI (พนักงานประจำ),8.6,นักพัฒนาซอฟต์แวร์,Software Developer / Engineer,บริษัท คอมพิวเตอร์ดาต้าซิสเต็ม จำกัด,กรุงเทพมหานคร,ตามโครงสร้างองค์กร / ตามประสบการณ์,Senior-Level / มีประสบการณ์สูง (3-5+ ปี),3-5+,.net; c#; java; javascript; node.js; python; react; typescript,"ออกแบบและเขียนโปรแกรมพัฒนาฟีเจอร์สำหรับแอปพลิเคชันและเว็บเซอร์วิส; สร้างและเชื่อมต่อฐานข้อมูล SQL/NoSQL ผ่านสถาปัตยกรรม RESTful API; เขียนชุดทดสอบ Unit Testing และร่วมทำ Code Review เพื่อรักษาคุณภาพซอฟต์แวร์; ประยุกต์ใช้หลักการ Clean Code, OOP และแก้ไขข้อผิดพลาดของระบบ (Debugging)",.net; c#; java; javascript; node.js; python; react; typescript,https://jobs.blognone.com
BN-LIVE-004,REACT NATIVE DEVELOPER,8.6,นักพัฒนาซอฟต์แวร์,Software Developer / Engineer,บริษัท นิลิคอน (ประเทศไทย) จำกัด (สำนักงานใหญ่),กรุงเทพมหานคร,ตามโครงสร้างองค์กร / ตามประสบการณ์,Entry-Level / เด็กจบใหม่ (0-2 ปี),0-2,.net; c#; java; javascript; node.js; python; react; typescript,"ออกแบบและเขียนโปรแกรมพัฒนาฟีเจอร์สำหรับแอปพลิเคชันและเว็บเซอร์วิส; สร้างและเชื่อมต่อฐานข้อมูล SQL/NoSQL ผ่านสถาปัตยกรรม RESTful API; เขียนชุดทดสอบ Unit Testing และร่วมทำ Code Review เพื่อรักษาคุณภาพซอฟต์แวร์; ประยุกต์ใช้หลักการ Clean Code, OOP และแก้ไขข้อผิดพลาดของระบบ (Debugging)",.net; c#; java; javascript; node.js; python; react; typescript,https://jobs.blognone.com
BN-LIVE-005,Senior Full Stack Developer,8.6,นักพัฒนาซอฟต์แวร์,Software Developer / Engineer,บริษัท จัดหางานดิคชาเทค จำกัด,กรุงเทพมหานคร,ตามโครงสร้างองค์กร / ตามประสบการณ์,Senior-Level / มีประสบการณ์สูง (3-5+ ปี),3-5+,.net; c#; java; javascript; node.js; python; react; typescript,"ออกแบบและเขียนโปรแกรมพัฒนาฟีเจอร์สำหรับแอปพลิเคชันและเว็บเซอร์วิส; สร้างและเชื่อมต่อฐานข้อมูล SQL/NoSQL ผ่านสถาปัตยกรรม RESTful API; เขียนชุดทดสอบ Unit Testing และร่วมทำ Code Review เพื่อรักษาคุณภาพซอฟต์แวร์; ประยุกต์ใช้หลักการ Clean Code, OOP และแก้ไขข้อผิดพลาดของระบบ (Debugging)",.net; c#; java; javascript; node.js; python; react; typescript,https://jobs.blognone.com
BN-LIVE-006,C# .Net Programmer,8.6,นักพัฒนาซอฟต์แวร์,Software Developer / Engineer,บริษัท โปรเฟสชั่นแนล เซอร์วิส โพรไวเดอร์ จำกัด,กรุงเทพมหานคร,ตามโครงสร้างองค์กร / ตามประสบการณ์,Entry-Level / เด็กจบใหม่ (0-2 ปี),0-2,.net; asp.net; c#; java; javascript; python; typescript; vb.net,"ออกแบบและเขียนโปรแกรมพัฒนาฟีเจอร์สำหรับแอปพลิเคชันและเว็บเซอร์วิส; สร้างและเชื่อมต่อฐานข้อมูล SQL/NoSQL ผ่านสถาปัตยกรรม RESTful API; เขียนชุดทดสอบ Unit Testing และร่วมทำ Code Review เพื่อรักษาคุณภาพซอฟต์แวร์; ประยุกต์ใช้หลักการ Clean Code, OOP และแก้ไขข้อผิดพลาดของระบบ (Debugging)",.net; asp.net; c#; java; javascript; python; typescript; vb.net,https://jobs.blognone.com
BN-LIVE-007,Application Support,8.6,นักพัฒนาซอฟต์แวร์,Software Developer / Engineer,กลุ่มธุรกิจการเงินเกียรตินาคินภัทร,กรุงเทพมหานคร,ตามโครงสร้างองค์กร / ตามประสบการณ์,Entry-Level / เด็กจบใหม่ (0-2 ปี),0-2,.net; c#; java; javascript; node.js; python; react; typescript,"ออกแบบและเขียนโปรแกรมพัฒนาฟีเจอร์สำหรับแอปพลิเคชันและเว็บเซอร์วิส; สร้างและเชื่อมต่อฐานข้อมูล SQL/NoSQL ผ่านสถาปัตยกรรม RESTful API; เขียนชุดทดสอบ Unit Testing และร่วมทำ Code Review เพื่อรักษาคุณภาพซอฟต์แวร์; ประยุกต์ใช้หลักการ Clean Code, OOP และแก้ไขข้อผิดพลาดของระบบ (Debugging)",.net; c#; java; javascript; node.js; python; react; typescript,https://jobs.blognone.com
BN-LIVE-008,Database Management (DBA),8.6,นักพัฒนาซอฟต์แวร์,Software Developer / Engineer,กลุ่มธุรกิจการเงินเกียรตินาคินภัทร,กรุงเทพมหานคร,ตามโครงสร้างองค์กร / ตามประสบการณ์,Entry-Level / เด็กจบใหม่ (0-2 ปี),0-2,.net; c#; java; javascript; node.js; python; react; typescript,"ออกแบบและเขียนโปรแกรมพัฒนาฟีเจอร์สำหรับแอปพลิเคชันและเว็บเซอร์วิส; สร้างและเชื่อมต่อฐานข้อมูล SQL/NoSQL ผ่านสถาปัตยกรรม RESTful API; เขียนชุดทดสอบ Unit Testing และร่วมทำ Code Review เพื่อรักษาคุณภาพซอฟต์แวร์; ประยุกต์ใช้หลักการ Clean Code, OOP และแก้ไขข้อผิดพลาดของระบบ (Debugging)",.net; c#; java; javascript; node.js; python; react; typescript,https://jobs.blognone.com
BN-LIVE-009,IT project manager,8.4,นักจัดการโครงการสารสนเทศ,IT Project Manager / Coordinator,กลุ่มธุรกิจการเงินเกียรตินาคินภัทร,กรุงเทพมหานคร,ตามโครงสร้างองค์กร / ตามประสบการณ์,Senior-Level / มีประสบการณ์สูง (3-5+ ปี),3-5+,agile; communication; jira; project management; risk management; scrum; sdlc; trello,วางแผนและบริหารจัดการกำหนดการส่งมอบโครงการด้านเทคโนโลยีสารสนเทศ; ประสานงานระหว่างลูกค้า ทีมพัฒนาซอฟต์แวร์ และผู้มีส่วนได้ส่วนเสียในโครงการ; ติดตามความคืบหน้าของงานและจัดประชุมด้วยกระบวนการ Agile / Scrum; ประเมินความเสี่ยงและจัดทำเอกสารรายงานสถานะโครงการให้ตรงตามเป้าหมาย,agile; communication; jira; project management; risk management; scrum; sdlc; trello,https://jobs.blognone.com
BN-LIVE-010,[Hybrid] Backend developer (Golang),8.6,นักพัฒนาซอฟต์แวร์,Software Developer / Engineer,เนเวอร์ซิทอัพ,กรุงเทพมหานคร,ตามโครงสร้างองค์กร / ตามประสบการณ์,Entry-Level / เด็กจบใหม่ (0-2 ปี),0-2,.net; c#; devops; golang; java; javascript; python; typescript,"ออกแบบและเขียนโปรแกรมพัฒนาฟีเจอร์สำหรับแอปพลิเคชันและเว็บเซอร์วิส; สร้างและเชื่อมต่อฐานข้อมูล SQL/NoSQL ผ่านสถาปัตยกรรม RESTful API; เขียนชุดทดสอบ Unit Testing และร่วมทำ Code Review เพื่อรักษาคุณภาพซอฟต์แวร์; ประยุกต์ใช้หลักการ Clean Code, OOP และแก้ไขข้อผิดพลาดของระบบ (Debugging)",.net; c#; devops; golang; java; javascript; python; typescript,https://jobs.blognone.com
BN-LIVE-011,Report Developer,8.6,นักพัฒนาซอฟต์แวร์,Software Developer / Engineer,บริษัท ไอคอน เฟรมเวิร์ค จำกัด,กรุงเทพมหานคร,ตามโครงสร้างองค์กร / ตามประสบการณ์,Entry-Level / เด็กจบใหม่ (0-2 ปี),0-2,.net; c#; java; javascript; node.js; python; react; typescript,"ออกแบบและเขียนโปรแกรมพัฒนาฟีเจอร์สำหรับแอปพลิเคชันและเว็บเซอร์วิส; สร้างและเชื่อมต่อฐานข้อมูล SQL/NoSQL ผ่านสถาปัตยกรรม RESTful API; เขียนชุดทดสอบ Unit Testing และร่วมทำ Code Review เพื่อรักษาคุณภาพซอฟต์แวร์; ประยุกต์ใช้หลักการ Clean Code, OOP และแก้ไขข้อผิดพลาดของระบบ (Debugging)",.net; c#; java; javascript; node.js; python; react; typescript,https://jobs.blognone.com
BN-LIVE-012,Software Engineer (Backend),8.6,นักพัฒนาซอฟต์แวร์,Software Developer / Engineer,LTMH,กรุงเทพมหานคร,ตามโครงสร้างองค์กร / ตามประสบการณ์,Entry-Level / เด็กจบใหม่ (0-2 ปี),0-2,.net; c#; java; javascript; node.js; python; react; typescript,"ออกแบบและเขียนโปรแกรมพัฒนาฟีเจอร์สำหรับแอปพลิเคชันและเว็บเซอร์วิส; สร้างและเชื่อมต่อฐานข้อมูล SQL/NoSQL ผ่านสถาปัตยกรรม RESTful API; เขียนชุดทดสอบ Unit Testing และร่วมทำ Code Review เพื่อรักษาคุณภาพซอฟต์แวร์; ประยุกต์ใช้หลักการ Clean Code, OOP และแก้ไขข้อผิดพลาดของระบบ (Debugging)",.net; c#; java; javascript; node.js; python; react; typescript,https://jobs.blognone.com
BN-LIVE-013,Presales (IT Software),8.6,นักพัฒนาซอฟต์แวร์,Software Developer / Engineer,บริษัท สตรีม ไอ.ที. คอนซัลติ้ง จำกัด,กรุงเทพมหานคร,ตามโครงสร้างองค์กร / ตามประสบการณ์,Entry-Level / เด็กจบใหม่ (0-2 ปี),0-2,.net; c#; communication; java; javascript; negotiation; python; typescript,"ออกแบบและเขียนโปรแกรมพัฒนาฟีเจอร์สำหรับแอปพลิเคชันและเว็บเซอร์วิส; สร้างและเชื่อมต่อฐานข้อมูล SQL/NoSQL ผ่านสถาปัตยกรรม RESTful API; เขียนชุดทดสอบ Unit Testing และร่วมทำ Code Review เพื่อรักษาคุณภาพซอฟต์แวร์; ประยุกต์ใช้หลักการ Clean Code, OOP และแก้ไขข้อผิดพลาดของระบบ (Debugging)",.net; c#; communication; java; javascript; negotiation; python; typescript,https://jobs.blognone.com
